LI-8100,LI-8100,LI-8100,,CHAMBER,LI-8100,LI-8100,LI-8100,LI-8100,LI-8150,LI-7810,LI-7810,LI-7810,LI-7810,LI-7810,LI-7810,LI-7810,LI-7810,LI-7810,LI-7810
DATE initial_value,DOY initial_value,PA initial_value,VOLUME_TOTAL,TA mean,FCO2_DRY LIN,FCO2_DRY LIN_R2,FCO2_DRY,FCO2_DRY R2,PORT_LABEL,FCO2 LIN,FCH4 LIN,FCO2,FCO2 R2,FCO2 LIN_R2,FCH4,FCH4 R2,FCH4 LIN_R2,CO2 initial_value,CH4 initial_value
[YYYY-MM-DD HH:MM:SS],[#],[kPa],[cm+3],[C],[umol+1m-2s-1],[#],[umol+1m-2s-1],[#],[#],[umol+1m-2s-1],[nmol+1m-2s-1],[umol+1m-2s-1],[#],[#],[nmol+1m-2s-1],[#],[#],[umol+1 mol-1],[nmol+1 mol-1]
2024-05-31 14:31:12,152.605000,101.940000,6978.600000,21.452110,38748720.106750,0.039720,7222601.640950,0.013280,29,-732.288370,-846.020450,-728.037790,0.237230,0.238130,-841.122060,0.237690,0.238590,423.300000,2033.034280
2024-05-31 14:34:10,152.607060,101.760000,6978.600000,21.633620,-17149.117090,0.004110,-6622.477540,0.002510,30,-27.142680,6.952930,-22.086380,0.098650,0.117230,77.820040,0.305030,0.125750,647.380000,2001.383970
2024-05-31 14:36:11,152.608460,101.960000,6978.600000,21.483560,-839.200340,0.011290,-839.200340,0.011290,29,1.821820,-0.292240,1.821820,0.902210,0.902210,-0.291540,0.903800,0.908190,424.290000,2037.709250
2024-05-31 14:39:12,152.610560,101.740000,6978.600000,21.535000,75532.869850,0.019370,18019.622830,0.007460,30,3.548690,-0.150090,4.993380,0.993950,0.990640,-0.150090,0.874910,0.874910,425.940000,2032.376110
2024-05-31 14:41:59,152.612490,101.730000,6978.600000,21.683850,-14018.950980,0.069390,-1318923.026430,0.321210,31,2.198370,-0.097550,2.687760,0.996660,0.993350,-0.097550,0.793560,0.793560,432.600000,2030.303180
2024-05-31 14:45:01,152.614590,101.730000,6978.600000,-61.659000,-108.834600,0.006990,-108.834600,0.006990,32,117.885310,-5.424340,127.892540,0.994020,0.993700,-5.424340,0.993050,0.993050,426.360000,2029.478070
2024-05-31 14:47:47,152.616520,101.710000,6978.600000,154.747800,-3817923.666860,0.006060,-1791183.012770,0.004350,SALT,0.486770,0.009440,2.308680,0.669370,0.458100,0.009440,0.020950,0.020950,417.930000,2029.872850
2024-05-31 14:50:48,152.618610,101.700000,6978.600000,21.893890,47254.166360,0.016790,47254.166360,0.016790,51,7.351870,0.694150,7.351870,0.995350,0.995350,0.898140,0.993340,0.990690,435.180000,2029.995430
2024-05-31 15:30:43,152.646330,101.860000,6978.600000,21.710560,617.754730,0.004880,617.754730,0.004880,29,0.665730,-0.348080,0.665730,0.643260,0.643260,-0.348080,0.937630,0.937630,440.850000,2034.108550
2024-05-31 15:33:42,152.648400,101.710000,6978.600000,21.658000,-480525.020000,0.004340,-480525.020000,0.004340,30,4.951060,-0.116400,9.212300,0.995760,0.987540,-0.384890,0.839960,0.821730,441.430000,2031.146960
2024-05-31 15:36:28,152.650320,101.710000,6978.600000,21.617800,-2.677360,0.000000,-2.677360,0.000000,31,2.027800,-0.112800,2.535560,0.991650,0.989170,-0.112800,0.803510,0.803510,441.380000,2031.043990
2024-05-31 15:39:28,152.652410,101.700000,6978.600000,-61.643780,34203939.707710,0.022920,34203939.707710,0.022920,32,115.744860,-5.321960,118.805960,0.995480,0.995450,-5.321960,0.994660,0.994660,436.000000,2030.230970
2024-05-31 15:42:16,152.654350,101.690000,6978.600000,156.080000,-16324.058240,0.051630,-16324.058240,0.051630,SALT,-1.079380,0.081790,-1.079380,0.788270,0.788270,0.081790,0.344130,0.344130,434.600000,2031.299700
2024-05-31 15:45:16,152.656440,101.690000,6978.600000,21.982110,5717.574760,0.002380,1293.708600,0.000280,51,7.002560,0.389470,7.002560,0.996400,0.996400,1.209850,0.983720,0.939260,441.220000,2031.478380
2024-05-31 16:30:43,152.688000,101.810000,6978.600000,21.065330,-2059039.042980,0.002090,-2059039.042980,0.002090,29,1.145130,0.302560,1.145130,0.961030,0.961030,0.302560,0.980130,0.980130,443.370000,2037.014940
2024-05-31 16:33:42,152.690070,101.660000,6978.600000,21.091330,-1313.537770,0.018250,-1313.537770,0.018250,30,5.346080,-0.189020,11.910360,0.995880,0.981180,-0.854640,0.906310,0.886870,453.320000,2041.672000
2024-05-31 16:36:29,152.692000,101.640000,6978.600000,20.869010,11249.773630,0.017200,11249.773630,0.017200,31,2.358070,-0.132490,2.384480,0.920640,0.985960,-0.132490,0.844570,0.844570,448.480000,2040.335650
2024-05-31 16:39:30,152.694100,101.650000,6978.600000,-61.631110,16491.125990,0.016430,16823.141820,0.016320,32,116.353790,-5.432820,125.159560,0.996450,0.996200,-5.432820,0.994340,0.994340,440.780000,2035.791170
2024-05-31 16:42:16,152.696020,101.650000,6978.600000,155.628460,-784684.338740,0.017020,-784684.338740,0.017020,SALT,0.717490,0.325250,0.734710,0.340640,0.337390,0.325250,0.430280,0.430280,441.200000,2036.216610
2024-05-31 16:45:17,152.698110,101.660000,6978.600000,20.922890,1521.860240,0.014000,1423.375510,0.012930,51,7.040410,0.630020,7.040410,0.994700,0.994700,1.577990,0.990480,0.957770,437.150000,2034.218830
2024-05-31 17:30:43,152.729660,101.770000,6978.600000,20.652890,593.020070,0.020300,919.986180,0.020640,29,1.015500,-0.151830,1.023790,0.802590,0.804930,-0.466470,0.896720,0.849610,457.640000,2033.101550
2024-05-31 17:33:42,152.731740,101.620000,6978.600000,20.699220,1301.297120,0.010750,1301.297120,0.010750,30,5.166090,-0.148290,10.415710,0.995790,0.982460,-0.148290,0.915950,0.915950,460.200000,2030.161710
2024-05-31 17:36:28,152.733660,101.620000,6978.600000,20.814730,-734.857420,0.001090,-450.069520,0.000720,31,2.556870,-0.167480,3.621620,0.996460,0.993400,-0.167480,0.913650,0.913650,457.790000,2032.405780
2024-05-31 17:39:29,152.735750,101.620000,6978.600000,-61.534440,2132990.087360,0.001340,2264018.484580,0.001370,32,118.311350,-5.374340,128.238830,0.996430,0.996140,-5.374340,0.995190,0.995190,474.750000,2032.347470
2024-05-31 17:42:15,152.737670,101.620000,6978.600000,154.684730,-1352.234630,0.000210,-1352.234630,0.000210,SALT,-0.188670,-0.031810,-0.406560,0.040910,0.034180,-0.962660,0.343880,0.109270,445.280000,2035.299700
2024-05-31 17:45:16,152.739770,101.620000,6978.600000,20.771560,671589.429220,0.018540,671589.429220,0.018540,51,7.284410,0.711010,8.566520,0.996490,0.995560,1.168390,0.992720,0.981180,474.590000,2038.995790
2024-05-31 18:30:44,152.771340,101.750000,6978.600000,20.492560,-396841.068400,0.006130,-216158.210460,0.004860,29,0.937400,-1.239690,0.937400,0.738020,0.738020,-1.239690,0.989100,0.989100,497.090000,2052.908050
2024-05-31 18:33:43,152.773410,101.610000,6978.600000,20.271220,2946006.542690,0.001680,2365501.761080,0.000750,30,4.540250,0.134010,8.456150,0.995660,0.988380,0.134010,0.586150,0.586150,477.680000,2035.841550
2024-05-31 18:36:30,152.775350,101.600000,6978.600000,20.346370,547.723150,0.057770,93.008990,0.016160,31,2.262100,-0.120160,3.172650,0.996070,0.992420,-1.082900,0.848970,0.808270,452.850000,2035.781210
2024-05-31 18:39:31,152.777440,101.610000,6978.600000,-61.708330,218674630.914500,0.060680,218674630.914500,0.060680,32,122.833440,-5.819460,139.048350,0.991110,0.990310,-5.819460,0.991130,0.991130,473.670000,2035.257950
2024-05-31 18:42:18,152.779370,101.610000,6978.600000,155.534620,-3365980.415300,0.058830,-3319004.052580,0.052110,SALT,-0.775890,-0.158850,-0.775890,0.670970,0.670970,-0.158850,0.919330,0.919330,474.480000,2029.447020
2024-05-31 18:45:19,152.781470,101.610000,6978.600000,20.121000,129.627540,0.008460,1538.260190,0.010270,51,6.794530,0.782700,7.581230,0.994440,0.994110,1.391980,0.993410,0.978740,521.690000,2028.519140
2024-05-31 19:30:43,152.813000,101.830000,6978.600000,19.290220,3321719.127910,0.035480,3321719.127910,0.035480,29,1.468030,1.002790,3.273840,0.958790,0.914530,1.002790,0.876600,0.876600,506.740000,2056.158380
2024-05-31 19:33:43,152.815080,101.680000,6978.600000,19.118330,-1320576.933680,0.032960,-1320576.933680,0.032960,30,5.704300,-0.791320,10.558460,0.994570,0.985910,-1.426110,0.992340,0.986340,516.580000,2153.552770
2024-05-31 19:36:29,152.817000,101.680000,6978.600000,19.196040,-248717.659850,0.000200,-248717.659850,0.000200,31,2.006110,-0.231290,2.905710,0.994990,0.991430,-0.177080,0.140230,0.919320,498.740000,2132.690590
2024-05-31 19:39:29,152.819090,101.680000,6978.600000,-62.011560,52730138.456530,0.007720,52730138.456530,0.007720,32,129.517630,-6.682740,148.710440,0.994300,0.993070,-6.682740,0.992980,0.992980,480.110000,2097.237040
2024-05-31 19:42:15,152.821010,101.680000,6978.600000,154.454290,-603294.954090,0.024750,-650041.796740,0.024430,SALT,0.331650,9.384760,19.181930,0.217120,0.012490,12.442200,0.886210,0.871160,460.980000,2082.202680
2024-05-31 19:45:16,152.823100,101.700000,6978.600000,18.834890,723895.023440,0.003600,689303.640910,0.003360,51,6.530200,0.863650,7.299080,0.994030,0.993720,1.211470,0.995390,0.991590,474.660000,2104.449090
2024-05-31 20:30:44,152.854680,101.890000,6978.600000,17.687110,1985722.714760,0.003520,1985722.714760,0.003520,29,2.716470,-0.049980,2.716470,0.974560,0.974560,-0.049980,0.095030,0.095030,501.060000,2106.998650
2024-05-31 20:33:43,152.856750,101.740000,6978.600000,17.517220,-1367583.029400,0.004100,-1368399.365530,0.004100,30,5.603540,-0.401050,11.689660,0.996600,0.984790,-0.401050,0.973660,0.973660,477.460000,2095.095350
2024-05-31 20:36:30,152.858680,101.740000,6978.600000,17.589890,-634822.814530,0.000140,-405704.151610,0.000120,31,2.373490,-0.362640,2.873760,0.994560,0.993180,-0.362640,0.946670,0.946670,459.320000,2090.312560
2024-05-31 20:39:30,152.860760,101.740000,6978.600000,-62.156560,10404.933300,0.121740,10404.933300,0.121740,32,126.324830,-5.798130,153.679650,0.993740,0.991770,-5.798130,0.992230,0.992230,469.050000,2061.955930
2024-05-31 20:42:17,152.862700,101.730000,6978.600000,154.482750,-830.473720,0.018190,-830.473720,0.018190,SALT,-0.664920,-0.345990,-0.664460,0.703560,0.717820,-0.308500,0.730610,0.863250,450.210000,2061.229790
2024-05-31 20:45:19,152.864800,101.730000,6978.600000,17.161890,40113.794190,0.066950,40337.284650,0.063750,51,5.994530,0.670630,7.239110,0.988720,0.987540,1.807170,0.988330,0.949930,484.070000,2067.552550
2024-05-31 21:30:44,152.896340,101.900000,6978.600000,16.049220,-26693.177450,0.008940,-26693.177450,0.008940,29,3.249950,-0.002880,3.249950,0.969890,0.969890,-0.002880,0.002540,0.002540,473.440000,2061.946060
2024-05-31 21:33:43,152.898410,101.750000,6978.600000,15.995110,12003.190200,0.029190,12003.190200,0.029190,30,5.427900,-0.253520,11.617140,0.997040,0.983740,-0.253520,0.960210,0.960210,479.170000,2065.254350
2024-05-31 21:36:29,152.900340,101.750000,6978.600000,16.181430,-5379.525790,0.003220,-5379.525790,0.003220,31,2.366550,-0.104430,2.952420,0.993310,0.991300,-0.104430,0.830420,0.830420,468.430000,2069.388040
2024-05-31 21:39:30,152.902430,101.760000,6978.600000,-62.225670,639700.413190,0.000040,639700.413190,0.000040,32,128.177640,-5.734720,175.631700,0.987290,0.982890,-5.734720,0.981740,0.981740,473.340000,2069.153500
2024-05-31 21:42:16,152.904350,101.760000,6978.600000,152.861540,-7294820.768810,0.013120,-4957383.554700,0.011770,SALT,0.060640,0.007370,0.060640,0.077760,0.077760,-2.016890,0.045550,0.004390,459.890000,2068.845550
2024-05-31 21:45:17,152.906450,101.760000,6978.600000,15.792000,-587534.529090,0.000290,-587534.529090,0.000290,51,5.396480,0.628040,5.396480,0.996840,0.996840,0.922040,0.989620,0.982740,472.520000,2066.375670
2024-05-31 22:30:44,152.938010,101.950000,6978.600000,14.942220,979431.287230,0.014900,979431.287230,0.014900,29,6.130160,-0.255470,6.889510,0.913090,0.911950,-0.255470,0.781820,0.781820,493.830000,2073.031370
2024-05-31 22:33:45,152.940100,101.800000,6978.600000,14.872670,-30202337.502860,0.067340,-39223230.976500,0.067160,30,5.185530,-0.171910,10.432150,0.996600,0.984990,-0.595110,0.937520,0.936400,488.010000,2076.742540
2024-05-31 22:36:33,152.942050,101.790000,6978.600000,15.054400,-392521.695480,0.078830,-392521.695480,0.078830,31,2.345050,-0.162670,2.763340,0.995420,0.994540,-0.162670,0.924420,0.924420,486.920000,2076.548850
2024-05-31 22:39:34,152.944140,101.800000,6978.600000,-62.300000,-7804646.821260,0.013130,-7804646.821260,0.013130,32,165.912990,-7.238620,185.070110,0.994150,0.993770,-7.238620,0.993930,0.993930,488.010000,2078.021260
2024-05-31 22:42:21,152.946080,101.800000,6978.600000,151.003080,5717962.932420,0.025990,5717962.932420,0.025990,SALT,-0.179440,0.077090,-0.179440,0.070060,0.070060,1.233080,0.294650,0.099330,481.880000,2072.394550
2024-05-31 22:45:22,152.948170,101.800000,6978.600000,14.847890,-5000.949910,0.000880,-5000.949910,0.000880,51,5.050730,0.500360,5.050730,0.994450,0.994450,1.276270,0.992480,0.959640,499.330000,2068.421680
2024-05-31 23:30:44,152.979680,101.930000,6978.600000,14.065780,214570.648210,0.122220,313167.958210,0.129070,29,5.830290,-0.344730,9.004030,0.903630,0.884790,-0.553390,0.927760,0.915440,493.140000,2084.881180
2024-05-31 23:33:43,152.981750,101.770000,6978.600000,14.010110,-526503.697410,0.022760,-977839.816200,0.006710,30,5.787960,-0.201870,13.490950,0.996790,0.978760,-0.897920,0.936920,0.924960,499.400000,2086.789060
2024-05-31 23:36:30,152.983680,101.770000,6978.600000,14.229890,-4235557.331170,0.028730,-4383895.181660,0.028780,31,2.349600,-0.107010,2.619840,0.993030,0.992700,-0.107010,0.819370,0.819370,492.610000,2088.959570
2024-05-31 23:39:30,152.985760,101.780000,6978.600000,-62.362890,-2277842.606440,0.016440,-2277842.606440,0.016440,32,155.999570,-6.845260,219.483960,0.990990,0.984730,-6.845260,0.982880,0.982880,492.130000,2090.898860
2024-05-31 23:42:18,152.987710,101.770000,6978.600000,150.980220,307009.841390,0.000080,307009.841390,0.000080,SALT,0.008780,0.169800,0.008780,0.001970,0.001970,0.776850,0.692110,0.618540,488.430000,2094.388680
2024-05-31 23:45:19,152.989800,101.770000,6978.600000,14.026220,-32926509.831570,0.025590,-32926509.831570,0.025590,51,4.790930,0.410580,4.790930,0.995350,0.995350,0.736900,0.980910,0.965740,500.360000,2091.394170
2024-06-01 00:06:27,153.004480,101.940000,6978.600000,13.673560,-241685248.743180,0.023130,-241685248.743180,0.023130,29,3.686140,-0.185740,4.077650,0.970330,0.970040,-0.185740,0.916770,0.916770,507.100000,2100.922360
2024-06-01 00:09:27,153.006560,101.790000,6978.600000,13.584000,1572689.608290,0.001070,1572689.608290,0.001070,30,5.365340,-0.179050,10.811430,0.997730,0.985780,-0.179050,0.926660,0.926660,505.530000,2101.120240
2024-06-01 00:12:14,153.008500,101.790000,6978.600000,13.741650,-809948.403970,0.091570,-167382.937050,0.033430,31,2.447750,-0.139930,2.870260,0.997080,0.996020,-0.403300,0.902350,0.892650,497.470000,2100.167450
2024-06-01 00:29:49,153.020710,101.790000,6978.600000,-57.778440,384484.387230,0.051320,384484.387230,0.051320,32,0.724940,-0.063050,0.724940,0.016570,0.016570,-0.063050,0.084010,0.084010,3685.510000,1973.890120
2024-06-01 00:32:37,153.022650,101.770000,6978.600000,151.190110,-509246.583680,0.004990,-529517.956610,0.004990,SALT,0.471920,0.022890,0.518740,0.650440,0.621530,0.022890,0.005090,0.005090,495.120000,2094.278650
2024-06-01 00:35:38,153.024750,101.770000,6978.600000,13.375220,-161755.643010,0.025110,-275263.613130,0.024040,51,4.440230,0.327780,4.440230,0.993500,0.993500,0.600560,0.982760,0.965020,495.630000,2094.168850
2024-06-01 00:38:40,153.026850,101.920000,6978.600000,13.246780,1263194.314550,0.012000,1263194.314550,0.012000,29,3.573150,-0.331840,4.068670,0.892630,0.894630,-0.331840,0.956380,0.956380,497.110000,2093.859040
2024-06-01 00:41:39,153.028920,101.780000,6978.600000,13.315220,3999807.006860,0.005280,3999807.006860,0.005280,30,5.431280,-0.146770,10.750750,0.995560,0.983710,-0.292230,0.913270,0.905850,500.610000,2093.551590
2024-06-01 00:44:25,153.030840,101.770000,6978.600000,13.510000,8515934.947970,0.029170,9328154.847830,0.030800,31,2.467680,-0.096670,3.029920,0.995830,0.993730,-0.096670,0.771870,0.771870,494.550000,2094.055290
2024-06-01 00:47:25,153.032930,101.770000,6978.600000,-62.316780,-167787.005500,0.000380,-167787.005500,0.000380,32,137.476450,-6.179160,155.142340,0.995760,0.995300,-6.179160,0.995020,0.995020,500.130000,2096.473280
2024-06-01 00:50:12,153.034860,101.790000,6978.600000,151.536370,-48057.821610,0.004490,-48057.821610,0.004490,SALT,-0.082400,-0.044760,-0.086480,0.053380,0.052440,-0.838960,0.402620,0.238160,489.090000,2093.592560
2024-06-01 00:53:13,153.036960,101.790000,6978.600000,13.279670,-984084.653290,0.030140,-984084.653290,0.030140,51,4.480750,0.360500,4.480750,0.995700,0.995700,0.504030,0.981680,0.976230,492.930000,2088.856580
2024-06-01 01:38:39,153.068510,101.940000,6978.600000,13.011110,25254.689500,0.000170,25254.689500,0.000170,29,3.798140,-0.248230,10.005230,0.887180,0.825480,-0.248230,0.840900,0.840900,502.340000,2100.169150
2024-06-01 01:41:39,153.070590,101.790000,6978.600000,12.961780,-243094.371740,0.002720,-245552.062210,0.002520,30,5.403210,-0.187730,9.617280,0.995930,0.987640,-0.365280,0.934100,0.923340,500.510000,2100.656080
2024-06-01 01:44:26,153.072520,101.790000,6978.600000,13.201540,826903.699910,0.082360,826903.699910,0.082360,31,2.424450,-0.123050,2.878140,0.995290,0.993970,-0.123050,0.871120,0.871120,494.910000,2101.723890
2024-06-01 01:47:28,153.074630,101.800000,6978.600000,-62.221670,589277.415560,0.002250,589277.415560,0.002250,32,136.709020,-6.257580,172.939260,0.992730,0.990270,-6.257580,0.988850,0.988850,498.220000,2102.272980
2024-06-01 01:50:14,153.076550,101.790000,6978.600000,150.001650,-125006.367010,0.035490,-125006.367010,0.035490,SALT,-0.568450,0.135720,-0.613930,0.597160,0.621510,0.145840,0.839970,0.839230,493.120000,2104.797710
2024-06-01 01:53:17,153.078670,101.790000,6978.600000,13.011780,-3501462.455000,0.041860,-3096992.123560,0.132360,51,4.395400,0.320360,4.395400,0.995970,0.995970,0.573220,0.977580,0.959910,493.160000,2106.855800
2024-06-01 02:38:38,153.110160,101.910000,6978.600000,12.958440,701473.218170,0.000880,701473.218170,0.000880,29,3.888240,-0.171570,4.789040,0.921270,0.918730,-0.599180,0.788750,0.726150,507.640000,2133.873830
2024-06-01 02:41:38,153.112250,101.760000,6978.600000,12.963110,-791760.104300,0.024750,-737356.675660,0.023550,30,5.449630,-0.176400,11.207260,0.997040,0.985440,-0.645480,0.916370,0.911060,509.880000,2136.890310
2024-06-01 02:44:24,153.114170,101.750000,6978.600000,13.181760,65740.943750,0.002230,65740.943750,0.002230,31,2.405310,-0.178900,3.083980,0.994990,0.991870,-0.178900,0.935910,0.935910,506.480000,2137.182960
2024-06-01 02:47:25,153.116260,101.760000,6978.600000,-62.249000,6475403.864260,0.105220,6032840.238600,0.104470,32,138.934890,-6.458160,148.448520,0.994960,0.994830,-6.458160,0.995280,0.995280,501.680000,2134.385380
2024-06-01 02:50:13,153.118210,101.750000,6978.600000,150.885710,2621726.158910,0.034600,1784786.077920,0.017500,SALT,-1.292940,-0.488530,-1.292940,0.928680,0.928680,-0.488530,0.959640,0.959640,496.360000,2137.903490
2024-06-01 02:53:13,153.120290,101.740000,6978.600000,13.038000,101875.230480,0.008530,101875.230480,0.008530,51,4.517640,0.250250,4.517640,0.996350,0.996350,0.632250,0.964880,0.930760,501.840000,2139.963530
2024-06-01 03:38:39,153.151840,101.880000,6978.600000,12.684780,-62258.800380,0.001540,-62258.800380,0.001540,29,4.203670,-0.130460,4.203670,0.954930,0.954930,-0.308640,0.542630,0.568410,500.400000,2188.534770
2024-06-01 03:41:38,153.153910,101.730000,6978.600000,12.693440,-1441186.488340,0.000240,-1441186.488340,0.000240,30,4.760010,-0.231640,8.858670,0.996400,0.987460,-0.231640,0.946990,0.946990,512.020000,2192.975730
2024-06-01 03:44:24,153.155830,101.730000,6978.600000,12.802860,-916748.256660,0.042140,-246527.693580,0.294800,31,2.382650,-0.054250,2.646250,0.997190,0.996840,-0.054250,0.560000,0.560000,490.050000,2198.614700
2024-06-01 03:47:26,153.157940,101.730000,6978.600000,-62.222670,392171.176210,0.038800,925640.478960,0.031320,32,140.616220,-6.679230,172.172530,0.991740,0.990030,-6.679230,0.988630,0.988630,488.560000,2210.989370
2024-06-01 03:50:13,153.159870,101.730000,6978.600000,149.805380,-1333797.707680,0.095440,-8827302.299830,0.120390,SALT,0.069690,0.691850,0.064270,0.008120,0.009000,2.831590,0.465120,0.381900,496.680000,2222.357740
2024-06-01 03:53:13,153.161960,101.730000,6978.600000,12.668890,12548.396070,0.000040,405326.832890,0.001750,51,3.804650,0.394510,3.868900,0.992950,0.992940,0.394510,0.972350,0.972350,498.480000,2224.737160
2024-06-01 04:38:39,153.193510,101.910000,6978.600000,12.357890,5008583.594960,0.023890,5008583.594960,0.023890,29,3.077140,-0.483560,3.296100,0.825460,0.828810,-0.483560,0.964460,0.964460,509.520000,2265.805590
2024-06-01 04:41:38,153.195580,101.760000,6978.600000,12.364330,-15845.175150,0.036360,-15845.175150,0.036360,30,5.592680,-0.242740,9.415480,0.997410,0.991200,-0.242740,0.959310,0.959310,509.460000,2254.107330
2024-06-01 04:44:27,153.197530,101.760000,6978.600000,12.502860,406048623.233460,0.017590,406048623.233460,0.017590,31,2.281100,-0.084060,2.879060,0.994080,0.991710,-0.084060,0.777740,0.777740,505.360000,2250.231170
2024-06-01 04:47:28,153.199630,101.770000,6978.600000,-62.382560,-650232.819460,0.120420,-570200.674940,0.116770,32,141.637070,-6.932850,161.785690,0.996410,0.995780,-6.932850,0.995140,0.995140,503.090000,2257.954830
2024-06-01 04:50:14,153.201550,101.770000,6978.600000,148.548130,235740.065230,0.003170,235740.065230,0.003170,SALT,0.119800,-0.082280,0.119800,0.077540,0.077540,-0.082050,0.293950,0.327780,501.930000,2258.440740
2024-06-01 04:53:14,153.203630,101.770000,6978.600000,12.365670,-133386.208950,0.000360,-133386.208950,0.000360,51,4.030720,0.114730,4.487500,0.995230,0.994950,0.260350,0.790680,0.774870,509.260000,2259.635500
2024-06-01 05:38:39,153.235170,101.960000,6978.600000,12.053890,-4156.697380,0.000100,-4156.697380,0.000100,29,5.496190,-0.391790,7.865910,0.927730,0.914680,-0.754190,0.826390,0.942650,501.550000,2289.379180
2024-06-01 05:41:38,153.237250,101.820000,6978.600000,11.995000,-24230.715570,0.000720,-24230.715570,0.000720,30,5.617060,-0.068120,10.248740,0.996430,0.988350,-0.068120,0.611540,0.611540,493.550000,2278.760410
2024-06-01 05:44:25,153.239180,101.830000,6978.600000,12.165380,143122.728490,0.001650,143122.728490,0.001650,31,2.235220,-0.177260,2.859430,0.993350,0.990700,-0.177260,0.951080,0.951080,492.050000,2284.515760
2024-06-01 05:47:25,153.241260,101.830000,6978.600000,-62.350780,5471372.393180,0.037180,5471372.393180,0.037180,32,144.367870,-7.180050,191.755290,0.996830,0.993880,-7.180050,0.993380,0.993380,500.350000,2286.219340
2024-06-01 05:50:11,153.243180,101.830000,6978.600000,149.617470,-5835630.486560,0.026280,-5567965.488570,0.026170,SALT,-0.055220,0.213190,-0.055220,0.004260,0.004260,0.216140,0.202960,0.203670,494.010000,2286.829020
2024-06-01 05:53:11,153.245270,101.840000,6978.600000,12.260890,-1413363.822790,0.019530,-1413363.822790,0.019530,51,3.714490,0.083860,3.849330,0.993900,0.993870,0.654820,0.799450,0.655320,515.710000,2300.310130
2024-06-01 06:38:39,153.276840,102.020000,6978.600000,12.469330,-280973.203970,0.042440,-277711.180730,0.041950,29,3.550900,-0.104380,8.299770,0.944660,0.908760,-0.637190,0.631530,0.472810,508.160000,2328.685290
2024-06-01 06:41:39,153.278920,101.880000,6978.600000,12.607560,104387.835720,0.004230,104387.835720,0.004230,30,5.670380,-0.019110,11.215500,0.992430,0.979770,-1.011540,0.192310,0.058190,514.230000,2334.707630
2024-06-01 06:44:26,153.280860,101.880000,6978.600000,12.968570,31772740.841300,0.051070,11499077.597210,0.017250,31,2.172830,-0.394950,3.496120,0.991210,0.985140,-0.394950,0.971740,0.971740,512.310000,2348.962450
2024-06-01 06:47:27,153.282950,101.900000,6978.600000,-62.264220,28794.473070,0.004300,28794.473070,0.004300,32,140.828560,-7.078710,172.281680,0.995240,0.993650,-7.078710,0.992950,0.992950,518.800000,2328.464170
2024-06-01 06:50:14,153.284880,101.900000,6978.600000,148.694950,537522.209480,0.045850,537522.209480,0.045850,SALT,0.269580,-0.008660,0.269580,0.181090,0.181090,-0.008660,0.011030,0.011030,511.250000,2334.509820
2024-06-01 06:53:15,153.286980,101.900000,6978.600000,12.954220,24135.754430,0.024340,24135.754430,0.024340,51,3.931960,0.114630,3.988810,0.993740,0.993740,0.311560,0.842270,0.807370,517.900000,2339.009980
2024-06-01 07:38:39,153.318510,102.050000,6978.600000,13.964780,39413.296790,0.000140,39413.296790,0.000140,29,3.891740,-0.423500,3.891740,0.925910,0.925910,-0.950020,0.958020,0.914320,487.450000,2343.313610
2024-06-01 07:41:38,153.320580,101.900000,6978.600000,14.111780,-2819181.426310,0.027130,-2819181.426310,0.027130,30,5.236010,-0.195310,11.154290,0.996950,0.984520,-0.195310,0.946490,0.946490,484.470000,2334.107380
2024-06-01 07:44:25,153.322510,101.900000,6978.600000,14.380770,287540.949190,0.023030,715846.777210,0.013220,31,2.275420,-0.184460,2.662150,0.994110,0.993520,-0.184460,0.919230,0.919230,476.000000,2326.056920
2024-06-01 07:47:26,153.324610,101.910000,6978.600000,-62.285560,-212568.525550,0.009940,-224245.079500,0.009910,32,151.578380,-7.073740,199.723140,0.994290,0.991170,-11.118740,0.992360,0.985710,491.350000,2331.640670
2024-06-01 07:50:12,153.326530,101.910000,6978.600000,150.332640,-299119.137530,0.003390,-285238.883160,0.000290,SALT,0.690490,0.078840,0.681660,0.469580,0.527950,5.134970,0.434380,0.116620,498.000000,2344.875730
2024-06-01 07:53:11,153.328600,101.910000,6978.600000,14.640110,-283007.997460,0.109450,-916012.905520,0.136420,51,4.733090,-0.113390,4.733090,0.992940,0.992940,-0.113390,0.717060,0.717060,520.190000,2348.250620
2024-06-01 08:38:39,153.360170,102.070000,6978.600000,16.478890,525737.603670,0.010340,490987.755760,0.010250,29,1.616600,0.246370,1.616600,0.967950,0.967950,0.317270,0.924560,0.921960,481.170000,2232.008280
2024-06-01 08:41:39,153.362260,101.910000,6978.600000,16.640330,-1040933.152980,0.029300,-1040933.152980,0.029300,30,4.852150,-0.280830,8.724260,0.996870,0.988750,-0.280830,0.956520,0.956520,478.810000,2243.459430
2024-06-01 08:44:26,153.364190,101.910000,6978.600000,16.869670,2629002.927530,0.018740,8221931.440540,0.025490,31,2.317980,-0.069000,2.803750,0.994990,0.993810,-0.069000,0.546930,0.546930,479.660000,2229.856130
2024-06-01 08:47:27,153.366280,101.910000,6978.600000,-62.127780,53465.633850,0.000110,53465.633850,0.000110,32,131.576970,-6.375590,149.603810,0.994140,0.993370,-6.375590,0.990690,0.990690,476.250000,2220.470660
2024-06-01 08:50:13,153.368210,101.910000,6978.600000,150.803520,-1571623.297820,0.001270,-1571623.297820,0.001270,SALT,-0.558410,0.366600,-0.558410,0.320940,0.320940,0.370070,0.210490,0.214240,467.370000,2217.962800
2024-06-01 08:53:14,153.370300,101.910000,6978.600000,17.050780,-80108180.565390,0.021620,-81644572.652980,0.021540,51,6.219530,-0.131320,6.219530,0.997320,0.997320,-0.131320,0.726170,0.726170,485.630000,2212.126950
2024-06-01 09:38:39,153.401840,102.030000,6978.600000,18.827220,1173410.293820,0.028330,1173410.293820,0.028330,29,1.353840,0.193400,1.353840,0.969480,0.969480,0.193400,0.110410,0.110410,474.440000,2194.206950
2024-06-01 09:41:38,153.403910,101.880000,6978.600000,18.843440,1701481.457070,0.032230,1701481.457070,0.032230,30,5.595220,-0.164980,8.346990,0.997230,0.993520,-0.815510,0.894690,0.807530,480.360000,2196.008500
2024-06-01 09:44:24,153.405830,101.870000,6978.600000,18.934180,385778.037920,0.032400,385778.037920,0.032400,31,2.463960,-0.217910,3.125740,0.994630,0.991570,-0.217910,0.926610,0.926610,475.670000,2189.135550
2024-06-01 09:47:26,153.407940,101.880000,6978.600000,-62.083890,1879860.290190,0.098110,1879860.290190,0.098110,32,129.660940,-6.463290,151.884310,0.997180,0.995970,-6.463290,0.994830,0.994830,468.280000,2177.534650
2024-06-01 09:50:14,153.409880,101.870000,6978.600000,152.030550,-3900847.965550,0.024230,-3011592.722040,0.010920,SALT,-2.776330,1.162760,-2.123920,0.412710,0.882460,1.421020,0.457690,0.487270,464.600000,2184.567340
2024-06-01 09:53:14,153.411970,101.870000,6978.600000,19.677110,-122078.126180,0.083710,-122078.126180,0.083710,51,6.821420,0.059340,6.821420,0.993920,0.993920,1.076320,0.615210,0.342670,479.170000,2174.487070
2024-06-01 10:38:38,153.443500,102.010000,6978.600000,21.086780,219247.570810,0.012260,219247.570810,0.012260,29,1.451430,0.085440,1.451430,0.938090,0.938090,0.084390,0.633750,0.637680,457.850000,2130.189080
2024-06-01 10:41:39,153.445590,101.840000,6978.600000,21.003780,-1118409.968540,0.010730,-1539453.212900,0.013280,30,6.297350,-0.416920,13.707940,0.996560,0.979700,-0.416920,0.976590,0.976590,450.670000,2135.829360
2024-06-01 10:44:26,153.447520,101.840000,6978.600000,21.470110,-1265487.142520,0.004100,-1265487.142520,0.004100,31,2.392210,-0.567700,2.784620,0.922450,0.919160,-0.567700,0.944570,0.944570,445.040000,2123.501070
2024-06-01 10:47:26,153.449610,101.840000,6978.600000,-61.706780,2633125.303370,0.040070,2633125.303370,0.040070,32,130.672340,-6.366050,166.793750,0.993760,0.990820,-6.366050,0.989480,0.989480,472.740000,2116.242730
2024-06-01 10:50:13,153.451540,101.830000,6978.600000,154.100880,564305.566880,0.003650,564305.566880,0.003650,SALT,-0.527690,0.378000,-0.527690,0.449030,0.449030,0.378000,0.951080,0.951080,445.630000,2117.036540
2024-06-01 10:53:14,153.453630,101.830000,6978.600000,21.568560,-849314.505560,0.008840,-2628954.900750,0.013150,51,7.121610,-0.018450,7.585160,0.995040,0.994950,-0.018450,0.092530,0.092530,486.010000,2114.496720
2024-06-01 11:38:38,153.485160,101.960000,6978.600000,22.494780,-5753763.405840,0.012130,-5753763.405840,0.012130,29,0.755290,-0.092710,0.755290,0.789120,0.789120,-0.092710,0.817170,0.817170,468.120000,2102.496490
2024-06-01 11:41:38,153.487250,101.800000,6978.600000,22.485220,-990813.654790,0.011260,-990813.654790,0.011260,30,6.561910,1.331100,14.436080,0.998220,0.982000,2.804730,0.964910,0.905390,460.350000,2102.205410
2024-06-01 11:44:25,153.489180,101.800000,6978.600000,22.824730,4.303530,0.000030,4.303530,0.000030,31,-0.004700,0.900320,-0.004700,0.000010,0.000010,0.640160,0.399270,0.443730,461.870000,2105.641080
2024-06-01 11:47:25,153.491260,101.800000,6978.600000,-61.385110,806035.244170,0.015070,806035.244170,0.015070,32,131.182630,-6.141660,146.959950,0.993820,0.993200,-6.141660,0.991400,0.991400,459.060000,2102.970860
2024-06-01 11:50:11,153.493180,101.800000,6978.600000,155.277910,-2750758.216810,0.044140,-2539194.484380,0.032270,SALT,-0.865840,-1.399030,-0.865840,0.635680,0.635680,-1.399030,0.963250,0.963250,444.290000,2127.723200
2024-06-01 11:53:11,153.495270,101.790000,6978.600000,23.036110,-90052.526380,0.001200,-90052.526380,0.001200,51,7.482550,-0.225050,7.669290,0.994930,0.994910,-0.225050,0.918760,0.918760,468.350000,2113.661970
2024-06-01 12:38:38,153.526830,101.910000,6978.600000,23.294780,11290304.082040,0.091030,1336264.714100,0.019820,29,0.633370,-0.011140,0.633370,0.575220,0.575220,-0.011140,0.033160,0.033160,462.810000,2117.445570
2024-06-01 12:41:38,153.528910,101.750000,6978.600000,23.538000,-20586305.284020,0.129150,-3961062.160160,0.042930,30,5.280280,-0.203050,13.194590,0.994340,0.974070,-0.653740,0.939930,0.922630,454.320000,2117.914200
2024-06-01 12:44:25,153.530840,101.750000,6978.600000,23.437580,7169195.011190,0.025940,7169195.011190,0.025940,31,0.358930,-0.059040,0.358930,0.332020,0.332020,-1.738430,0.561200,0.376030,449.590000,2125.148160
2024-06-01 12:47:26,153.532940,101.750000,6978.600000,-61.086110,144.261690,0.014460,144.261690,0.014460,32,122.866900,-6.401330,130.403750,0.994130,0.993990,-6.401330,0.994720,0.994720,439.690000,2123.961340
2024-06-01 12:50:12,153.534860,101.750000,6978.600000,156.425820,6546.557460,0.010980,4798.213990,0.010180,SALT,0.760100,-0.146320,0.600580,0.366010,0.911270,-1.496240,0.878330,0.689580,427.390000,2109.599320
2024-06-01 12:53:12,153.536940,101.750000,6978.600000,23.504110,2451371.356980,0.016850,2451371.356980,0.016850,51,8.237680,-0.415450,9.196710,0.995090,0.994640,-0.415450,0.983950,0.983950,448.020000,2120.151590
2024-06-01 13:38:38,153.568500,101.860000,6978.600000,24.017220,2084.097310,0.010350,2084.097310,0.010350,29,4.059600,-0.248450,4.059600,0.991970,0.991970,-0.248450,0.968560,0.968560,429.720000,2110.231660
2024-06-01 13:41:37,153.570570,101.700000,6978.600000,25.363000,19037792.301530,0.051900,19037792.301530,0.051900,30,5.111440,-0.153920,7.931720,0.993810,0.985550,-0.153920,0.864890,0.864890,429.460000,2109.438680
2024-06-01 13:44:24,153.572500,101.690000,6978.600000,23.706920,-53295.838490,0.005120,-53295.838490,0.005120,31,3.893020,-0.273190,3.724050,0.626340,0.967890,-0.273190,0.837450,0.837450,443.930000,2107.933840
2024-06-01 13:47:24,153.574580,101.690000,6978.600000,-61.248000,2272.023280,0.005520,6979.894720,0.001630,32,121.361390,-6.032310,136.190730,0.994640,0.994030,-6.032310,0.992000,0.992000,444.130000,2112.787700
2024-06-01 13:50:11,153.576520,101.690000,6978.600000,157.004620,635203.151060,0.003730,635203.151060,0.003730,SALT,-0.136850,0.444750,-0.832080,0.059180,0.056920,0.882830,0.751370,0.732980,433.910000,2121.273830
2024-06-01 13:53:12,153.578610,101.670000,6978.600000,23.936890,667.061050,0.004920,667.061050,0.004920,51,8.750190,-0.302490,8.750190,0.995170,0.995170,-0.302490,0.965330,0.965330,446.890000,2124.323660
2024-06-01 14:38:38,153.610160,101.780000,6978.600000,23.960560,17811.788490,0.013270,17811.788490,0.013270,29,1.803760,-0.103970,1.803760,0.929230,0.929230,-0.103970,0.801130,0.801130,435.660000,2109.634650
2024-06-01 14:41:38,153.612250,101.620000,6978.600000,24.049670,-53256584.517870,0.024260,-53256584.517870,0.024260,30,5.251460,-0.143760,11.524480,0.995000,0.979560,-0.468310,0.891880,0.837810,434.520000,2108.030840
2024-06-01 14:44:25,153.614180,101.620000,6978.600000,23.869890,-93553054.642180,0.035340,-10558188.805690,0.007390,31,0.828270,-0.618820,0.828270,0.329030,0.329030,-0.618820,0.762090,0.762090,445.840000,2106.298670
2024-06-01 14:47:26,153.616270,101.620000,6978.600000,-61.173330,-3484.193230,0.010660,-3484.193230,0.010660,32,118.454180,-5.988350,147.303130,0.996330,0.994120,-5.988350,0.992890,0.992890,432.970000,2098.608530
2024-06-01 14:50:12,153.618190,101.620000,6978.600000,157.579010,6721.534980,0.048070,6721.534980,0.048070,SALT,0.794300,-0.001080,1.210630,0.406950,0.398670,-0.001080,0.000120,0.000120,426.500000,2092.065000
2024-06-01 14:53:12,153.620280,101.620000,6978.600000,24.215560,534990.847670,0.000060,534990.847670,0.000060,51,8.515430,-0.363860,8.515430,0.992630,0.992630,-0.363860,0.967170,0.967170,459.450000,2092.275250
2024-06-01 15:38:38,153.651830,101.740000,6978.600000,23.621220,-273045.014260,0.022730,-273045.014260,0.022730,29,1.431210,-0.066760,1.431210,0.917870,0.917870,-0.066760,0.517780,0.517780,443.720000,2066.315870
2024-06-01 15:41:37,153.653900,101.590000,6978.600000,23.726780,-6687.124650,0.031480,-6585.990610,0.020610,30,5.442840,0.001140,10.546020,0.997670,0.988430,0.001140,0.000380,0.000380,441.740000,2067.825780
2024-06-01 15:44:23,153.655820,101.580000,6978.600000,23.717360,597435.728590,0.000280,217481.699480,0.000160,31,0.457900,-0.201760,21.816440,0.163820,0.171520,-0.434180,0.801640,0.791610,438.740000,2063.871350
2024-06-01 15:47:23,153.657910,101.580000,6978.600000,-61.282110,-81536855.176000,0.014720,-81536855.176000,0.014720,32,127.943130,-6.025970,159.611090,0.994250,0.991740,-6.025970,0.990220,0.990220,439.790000,2068.348720
2024-06-01 15:50:10,153.659840,101.580000,6978.600000,159.092530,-551790.948710,0.010650,-551790.948710,0.010650,SALT,0.181720,-0.254980,0.181720,0.011540,0.011540,-0.735630,0.275990,0.321460,438.680000,2072.082290
2024-06-01 15:53:11,153.661930,101.580000,6978.600000,24.429110,-230196.518360,0.000070,-230196.518360,0.000070,51,8.689010,-0.349350,8.695100,0.993850,0.993850,-0.349350,0.972840,0.972840,455.220000,2063.849120
2024-06-01 16:38:38,153.693500,101.700000,6978.600000,23.402110,-4829.031220,0.061050,-4829.031220,0.061050,29,1.476180,-0.691050,1.476180,0.988880,0.988880,-0.698370,0.990240,0.990740,458.330000,2082.018370
2024-06-01 16:41:38,153.695580,101.540000,6978.600000,23.382000,-27.316460,0.015570,-27.316460,0.015570,30,4.859710,-0.530270,12.070560,0.994540,0.974920,-0.530270,0.983820,0.983820,467.100000,2098.477310
2024-06-01 16:44:26,153.697520,101.540000,6978.600000,23.442970,-7338904.860330,0.168670,-7342690.895560,0.168640,31,2.149390,-0.224440,2.980940,0.992610,0.985420,-0.224440,0.890080,0.890080,466.160000,2082.160120
2024-06-01 16:47:27,153.699620,101.540000,6978.600000,-61.397000,15684930.745380,0.042780,13886831.150400,0.012430,32,129.738230,-6.484040,146.566340,0.996150,0.995470,-6.484040,0.993940,0.993940,474.650000,2069.677690
2024-06-01 16:50:13,153.701540,101.540000,6978.600000,158.718900,1937554.868380,0.015440,1937554.868380,0.015440,SALT,0.600740,-0.028690,2.837580,0.491300,0.486460,14.382750,0.249100,0.000670,450.430000,2061.519290
2024-06-01 16:53:14,153.703630,101.540000,6978.600000,23.238440,-1171393.495110,0.021000,-779136.287190,0.018620,51,8.330470,-0.510570,8.330470,0.995800,0.995800,-0.510570,0.993190,0.993190,495.300000,2063.452680
2024-06-01 17:38:39,153.735170,101.660000,6978.600000,22.673220,-2835089.242910,0.015900,-4944096.107670,0.006990,29,1.668870,-0.164450,1.668870,0.959060,0.959060,-0.164450,0.913830,0.913830,490.710000,2048.952100
2024-06-01 17:41:39,153.737260,101.510000,6978.600000,22.615890,-1384713.785680,0.038740,-2630450.851420,0.061450,30,5.996840,-0.184270,11.713940,0.996620,0.986990,-0.705260,0.927120,0.903790,493.450000,2048.100820
2024-06-01 17:44:26,153.739190,101.490000,6978.600000,22.636480,-2469183.392290,0.013380,-2469183.392290,0.013380,31,1.767980,-0.048590,2.642230,0.988050,0.977070,-0.049960,0.419760,0.416770,520.270000,2045.265770
2024-06-01 17:47:27,153.741280,101.510000,6978.600000,-61.506110,-53312.930620,0.043620,-6590.712230,0.009870,32,130.166120,-6.275520,172.152250,0.997280,0.993910,-9.297300,0.997160,0.991460,492.910000,2055.707200
2024-06-01 17:50:14,153.743220,101.510000,6978.600000,158.319010,1076389.182220,0.013540,1076389.182220,0.013540,SALT,-1.087290,-0.393660,-1.087290,0.118370,0.118370,-0.393660,0.679930,0.679930,455.220000,2056.322150
2024-06-01 17:53:14,153.745300,101.510000,6978.600000,22.465560,264128.723270,0.002570,354599.665340,0.003180,51,8.784200,-0.109890,10.600760,0.993800,0.992520,-1.043420,0.682400,0.536180,510.290000,2053.202490
2024-06-01 18:38:38,153.776830,101.630000,6978.600000,21.921670,-20870.581220,0.042600,-20870.581220,0.042600,29,2.979000,0.013300,2.979000,0.988980,0.988980,2.574330,0.250370,0.000580,492.660000,2088.359710
2024-06-01 18:41:39,153.778920,101.480000,6978.600000,21.859440,421547.262140,0.002290,75452.576870,0.000410,30,5.954820,-0.288240,13.770020,0.995660,0.978490,-0.288240,0.955710,0.955710,534.520000,2083.785160
2024-06-01 18:44:25,153.780840,101.480000,6978.600000,21.978570,-30013675.757810,0.019130,-5521367.993680,0.006140,31,2.602490,-0.078180,3.910900,0.995870,0.990550,-0.372620,0.699880,0.652890,506.240000,2058.325660
2024-06-01 18:47:26,153.782940,101.480000,6978.600000,-61.640440,4051.551610,0.010760,1867.622490,0.007220,32,130.755670,-5.731830,151.873690,0.996170,0.995180,-9.140880,0.993790,0.991880,511.820000,2061.543240
2024-06-01 18:50:13,153.784870,101.480000,6978.600000,157.367800,-12374547.762720,0.131570,-12374547.762720,0.131570,SALT,-2.388460,-1.097430,-2.388460,0.255180,0.255180,-7.228940,0.787360,0.592130,491.220000,2083.857160
2024-06-01 18:53:13,153.786960,101.480000,6978.600000,21.724780,68807.313950,0.000100,68807.313950,0.000100,51,8.924360,-0.383890,9.567710,0.996560,0.996450,-0.383890,0.970590,0.970590,553.480000,2060.738410
2024-06-01 19:38:39,153.818510,101.640000,6978.600000,20.908220,356099.971500,0.000030,356099.971500,0.000030,29,0.780110,-0.046410,0.783780,0.425000,0.428100,-0.046410,0.165820,0.165820,575.500000,2123.857580
2024-06-01 19:41:38,153.820580,101.490000,6978.600000,20.804220,42.463760,0.000730,42.463760,0.000730,30,5.883780,-0.169540,13.414180,0.992330,0.976490,-0.492450,0.918950,0.896440,586.600000,2125.563480
2024-06-01 19:44:27,153.822530,101.490000,6978.600000,20.871760,7761.743160,0.000010,7761.743160,0.000010,31,3.178090,-0.196400,4.209860,0.997000,0.994010,-0.196400,0.942090,0.942090,573.740000,2133.567230
2024-06-01 19:47:27,153.824620,101.510000,6978.600000,-61.633330,-30464585.839300,0.061780,-27641386.358480,0.039360,32,133.274360,-6.936800,143.603950,0.993830,0.993640,-6.936800,0.993670,0.993670,612.490000,2133.244340
2024-06-01 19:50:13,153.826540,101.510000,6978.600000,156.771430,164640.725510,0.000880,164640.725510,0.000880,SALT,-2.589610,-0.404260,-2.589610,0.294670,0.294670,-0.350340,0.474120,0.489430,551.150000,2123.462670
2024-06-01 19:53:12,153.828610,101.510000,6978.600000,20.526110,598827.390040,0.155200,598827.390040,0.155200,51,7.744390,-0.158350,7.744390,0.986800,0.986800,-0.566670,0.795680,0.777990,608.470000,2126.443550
2024-06-01 20:38:38,153.860160,101.660000,6978.600000,19.545670,10659956.882750,0.004550,10659956.882750,0.004550,29,1.115000,0.065350,1.115000,0.951110,0.951110,0.063330,0.152170,0.152230,533.810000,2148.874900
2024-06-01 20:41:37,153.862230,101.490000,6978.600000,19.465890,4444177.964420,0.006400,4444177.964420,0.006400,30,5.770470,-0.419530,14.140640,0.996570,0.977240,-0.419530,0.976790,0.976790,532.760000,2150.315010
2024-06-01 20:44:23,153.864160,101.490000,6978.600000,19.574950,-1438892.523330,0.028070,-389628.695600,0.011870,31,2.719780,0.047120,3.654110,0.995370,0.993940,0.047120,0.337220,0.337220,514.850000,2147.834470
2024-06-01 20:47:23,153.866240,101.490000,6978.600000,-61.826780,-27823097.686170,0.004900,-32318315.844570,0.005400,32,137.283820,-6.736810,182.588020,0.992610,0.989280,-6.736810,0.989990,0.989990,524.960000,2136.114480
2024-06-01 20:50:09,153.868160,101.490000,6978.600000,155.718460,860872.266400,0.004510,239265.829120,0.002010,SALT,-0.782030,-1.210500,-0.782030,0.073910,0.073910,-1.210500,0.112960,0.112960,511.130000,2173.359540
2024-06-01 20:53:10,153.870250,101.490000,6978.600000,19.265670,152314.751660,0.009460,33073010.410250,0.209540,51,8.011840,-1.015150,8.011840,0.989820,0.989820,-1.015150,0.982920,0.982920,573.770000,2250.809960
2024-06-01 21:38:39,153.901840,101.660000,6978.600000,18.663440,-126.805000,0.000000,-126.805000,0.000000,29,-0.151600,-1.777500,-0.059450,0.070820,0.190080,-1.777500,0.966610,0.966610,521.920000,2145.699310
2024-06-01 21:41:38,153.903910,101.510000,6978.600000,18.617670,1431156.278270,0.003700,1431156.278270,0.003700,30,4.982800,-0.162010,8.219950,0.990950,0.986050,-0.424700,0.924220,0.901400,533.880000,2127.144000
2024-06-01 21:44:24,153.905830,101.510000,6978.600000,18.784070,-18767349.476260,0.029890,-18767349.476260,0.029890,31,2.588140,-0.256130,3.600020,0.994920,0.992460,-0.256130,0.959810,0.959810,505.590000,2119.204390
2024-06-01 21:47:25,153.907930,101.520000,6978.600000,-61.993220,-910933.159630,0.000230,-910933.159630,0.000230,32,133.374170,-6.803460,147.311500,0.990440,0.990130,-6.803460,0.991160,0.991160,511.590000,2112.378670
2024-06-01 21:50:12,153.909860,101.510000,6978.600000,156.382750,2956.602690,0.000580,2956.602690,0.000580,SALT,1.210300,4.058330,1.309040,0.511250,0.527210,5.295010,0.626620,0.621690,525.820000,2155.647720
2024-06-01 21:53:11,153.911930,101.520000,6978.600000,18.512110,-121435.173760,0.001000,-121435.173760,0.001000,51,6.857610,-1.696130,6.857610,0.993830,0.993830,-1.696130,0.984330,0.984330,557.050000,2229.088080
2024-06-01 22:38:38,153.943500,101.630000,6978.600000,17.928330,1193129.526420,0.000470,1193129.526420,0.000470,29,3.674190,-0.224600,3.674190,0.947360,0.947360,-0.224600,0.913800,0.913800,498.760000,2100.263120
2024-06-01 22:41:36,153.945560,101.500000,6978.600000,17.902220,748646.146350,0.000900,748646.146350,0.000900,30,6.017340,-0.478220,13.023720,0.996340,0.983700,-0.478220,0.986170,0.986170,497.910000,2094.229590
2024-06-01 22:44:23,153.947490,101.510000,6978.600000,18.067140,-68158.240450,0.006330,-68579.672600,0.006340,31,2.797390,-0.030730,3.535780,0.995790,0.993720,-0.881010,0.391080,0.261520,471.620000,2075.019810
2024-06-01 22:47:24,153.949580,101.510000,6978.600000,-62.116890,676680.534060,0.000010,676680.534060,0.000010,32,127.930870,-6.054050,143.294000,0.992340,0.991900,-6.054050,0.990960,0.990960,479.920000,2094.315710
2024-06-01 22:50:10,153.951500,101.510000,6978.600000,155.332530,-4118.077020,0.040670,-4118.077020,0.040670,SALT,0.754760,1.050630,1.659720,0.565600,0.391270,1.433320,0.028590,0.547570,468.870000,2097.317020
2024-06-01 22:53:11,153.953600,101.500000,6978.600000,17.789440,12145832.608680,0.015570,904808.191280,0.002080,51,7.810500,-0.203380,8.045780,0.994430,0.994410,-0.202700,0.840170,0.857950,486.610000,2095.196570
2024-06-01 23:38:39,153.985170,101.620000,6978.600000,17.306110,-885.460090,0.007480,-885.460090,0.007480,29,3.501570,0.256660,4.909520,0.989440,0.985090,0.255090,0.777830,0.828410,494.950000,2078.686020
2024-06-01 23:41:38,153.987250,101.470000,6978.600000,17.289330,-2219154.890900,0.005670,-2219154.890900,0.005670,30,5.725540,-0.252610,14.037810,0.996050,0.977220,-0.536420,0.970920,0.958190,514.820000,2091.041660
2024-06-01 23:44:24,153.989170,101.480000,6978.600000,17.493740,-11723229.829610,0.132700,-11962267.477770,0.094580,31,2.938490,-0.155500,3.628880,0.996810,0.995630,-0.155500,0.907250,0.907250,486.950000,2086.857510
2024-06-01 23:47:25,153.991260,101.470000,6978.600000,-62.125670,-7523785.432440,0.061490,-7708030.759100,0.061310,32,128.689730,-6.204740,154.041060,0.994150,0.992820,-6.204740,0.991630,0.991630,505.000000,2087.117140
2024-06-01 23:50:12,153.993190,101.480000,6978.600000,154.047030,-1035872.352680,0.041180,-1035872.352680,0.041180,SALT,0.067400,0.474340,0.067400,0.005150,0.005150,0.467520,0.630460,0.632370,475.980000,2087.385210
2024-06-01 23:53:12,153.995280,101.470000,6978.600000,17.209890,5091475.669250,0.020660,8322073.249750,0.017540,51,8.252230,0.348710,8.252230,0.994910,0.994910,1.647470,0.630190,0.420060,518.020000,2143.242480
2024-06-02 00:38:38,154.026830,101.600000,6978.600000,16.650330,-108490.687670,0.006080,-34558.420600,0.003190,29,5.752040,-0.481480,5.752040,0.975110,0.975110,-1.949980,0.934600,0.890250,520.980000,2242.744860
2024-06-02 00:41:37,154.028900,101.450000,6978.600000,16.600000,569228.302640,0.002930,569228.302640,0.002930,30,5.959140,-0.535470,13.445910,0.997440,0.982230,-0.535470,0.990230,0.990230,519.060000,2201.442620
2024-06-02 00:44:23,154.030820,101.450000,6978.600000,16.740660,10424119.313240,0.016300,10424119.313240,0.016300,31,2.723340,-0.546120,3.572750,0.996200,0.994040,-0.548520,0.986820,0.986660,505.140000,2191.595490
2024-06-02 00:47:23,154.032920,101.450000,6978.600000,-62.118000,-3163951.830690,0.121180,-3163784.222210,0.110450,32,124.169010,-6.337460,134.519500,0.989190,0.989010,-6.337460,0.989940,0.989940,505.630000,2148.349310
2024-06-02 00:50:10,154.034840,101.450000,6978.600000,152.885270,-398346926.457880,0.021870,-398346926.457880,0.021870,SALT,0.596920,-1.255190,0.596920,0.105420,0.105420,-1.255190,0.269600,0.269600,504.060000,2140.867220
2024-06-02 00:53:09,154.036910,101.450000,6978.600000,16.482560,-175222655.259320,0.081870,-177137849.130000,0.081460,51,7.452200,-0.296700,7.452200,0.989480,0.989480,-0.296700,0.904930,0.904930,521.800000,2145.402790
2024-06-02 01:38:38,154.068500,101.580000,6978.600000,16.120330,3002359.722360,0.001110,170924.978160,0.000080,29,7.903660,0.538660,8.491500,0.928260,0.934520,2.166340,0.557600,0.391740,512.410000,2143.293660
2024-06-02 01:41:37,154.070570,101.430000,6978.600000,16.118780,-1124180.186540,0.022170,-1124180.186540,0.022170,30,6.051910,-0.199540,12.591510,0.997310,0.985580,-1.278120,0.946420,0.866210,521.760000,2182.440640
2024-06-02 01:44:24,154.072500,101.430000,6978.600000,16.336040,-2757838.438860,0.005540,-2757838.438860,0.005540,31,2.753520,1.293370,3.245970,0.995390,0.994860,1.293370,0.916230,0.916230,508.360000,2201.014680
2024-06-02 01:47:25,154.074600,101.430000,6978.600000,-62.210000,173583094.833660,0.004710,830273791.374050,0.004300,32,122.971320,-6.744860,175.212680,0.990440,0.985680,-6.744860,0.986690,0.986690,520.050000,2244.515740
2024-06-02 01:50:12,154.076530,101.430000,6978.600000,153.659560,-167068.503710,0.025470,-2306621.937180,0.030080,SALT,0.274650,-3.475350,0.274650,0.059680,0.059680,-9.195870,0.942080,0.926270,498.160000,2225.186850
2024-06-02 01:53:12,154.078620,101.430000,6978.600000,16.093780,3039961.784130,0.017600,2184132.175950,0.016160,51,6.400230,-0.431030,6.400230,0.995550,0.995550,-0.431030,0.990700,0.990700,516.370000,2161.382260
2024-06-02 02:38:39,154.110170,101.550000,6978.600000,15.809440,11249086.786920,0.008380,11249086.786920,0.008380,29,4.536740,-0.262070,8.463490,0.917340,0.891030,-1.929620,0.872470,0.632630,507.980000,2134.890650
2024-06-02 02:41:38,154.112250,101.390000,6978.600000,15.791220,-30287.583970,0.001160,-30287.583970,0.001160,30,6.017020,-0.144990,12.316750,0.996730,0.985810,-0.623490,0.856850,0.798480,517.490000,2136.071520
2024-06-02 02:44:24,154.114170,101.390000,6978.600000,15.991980,29972.987540,0.000990,29972.987540,0.000990,31,2.793570,-0.232750,2.793570,0.994940,0.994940,-0.232750,0.977120,0.977120,498.560000,2137.074820
2024-06-02 02:47:24,154.116250,101.390000,6978.600000,-62.199440,-1914613.787430,0.004080,-1914613.787430,0.004080,32,132.749460,-6.436200,134.774120,0.991860,0.991860,-6.436200,0.991870,0.991870,517.670000,2132.662340
2024-06-02 02:50:10,154.118170,101.390000,6978.600000,152.992090,-736894.405970,0.046270,-736894.405970,0.046270,SALT,-0.158580,0.652410,-0.156620,0.027890,0.039660,2.295060,0.652060,0.696080,499.660000,2140.704590
2024-06-02 02:53:13,154.120290,101.380000,6978.600000,15.789560,445312.287830,0.008020,403549.848350,0.005670,51,6.417320,-0.782980,6.417320,0.994600,0.994600,-0.782980,0.983160,0.983160,514.440000,2148.942720
2024-06-02 03:38:38,154.151830,101.500000,6978.600000,15.514220,286898.352850,0.020390,286898.352850,0.020390,29,7.252680,-0.280810,9.924730,0.915500,0.908820,-0.821130,0.729890,0.652940,499.630000,2128.405250
2024-06-02 03:41:39,154.153920,101.360000,6978.600000,15.503890,-287474.315180,0.062400,-868895.985490,0.047820,30,6.155360,-0.029240,11.842510,0.995960,0.986490,-1.824180,0.419640,0.156660,509.490000,2144.290950
2024-06-02 03:44:26,154.155860,101.350000,6978.600000,15.761980,-252849.068560,0.003430,-252849.068560,0.003430,31,2.771210,-0.202600,3.248740,0.995400,0.994900,-0.202600,0.940130,0.940130,502.030000,2155.257830
2024-06-02 03:47:28,154.157960,101.350000,6978.600000,-62.122000,2161415.363560,0.010650,2161415.363560,0.010650,32,141.200680,-6.744500,169.167200,0.995900,0.994790,-6.744500,0.994520,0.994520,491.750000,2137.402740
2024-06-02 03:50:15,154.159900,101.350000,6978.600000,152.284950,-16088.680370,0.000450,-16088.680370,0.000450,SALT,-0.269600,-0.242570,-0.269600,0.160870,0.160870,-0.240280,0.316030,0.350570,473.870000,2132.204430
2024-06-02 03:53:15,154.161980,101.350000,6978.600000,15.516780,659514.538640,0.004700,15405.135180,0.000200,51,6.519450,-0.538520,6.519450,0.995560,0.995560,-0.538520,0.984280,0.984280,509.980000,2150.316960
2024-06-02 04:38:39,154.193520,101.490000,6978.600000,15.293220,8210510.931990,0.055830,8210510.931990,0.055830,29,3.741300,-0.102510,12.525500,0.923280,0.848630,-0.959440,0.577010,0.367470,483.540000,2129.560250
2024-06-02 04:41:39,154.195590,101.340000,6978.600000,15.287330,-3927099.396940,0.045920,-2895087.121120,0.042560,30,6.046960,-0.001180,12.478780,0.996040,0.983040,-0.001180,0.000220,0.000220,501.270000,2137.010360
2024-06-02 04:44:25,154.197520,101.340000,6978.600000,15.555710,-6020239.333390,0.012940,-6020239.333390,0.012940,31,2.687590,-0.330270,3.260380,0.995640,0.994360,-0.330270,0.981560,0.981560,499.340000,2177.415520
2024-06-02 04:47:26,154.199620,101.340000,6978.600000,-62.105330,-16305611.585360,0.036100,-16305611.585360,0.036100,32,138.445490,-6.862950,149.462420,0.993880,0.993720,-6.862950,0.994110,0.994110,498.180000,2153.760490
2024-06-02 04:50:13,154.201550,101.340000,6978.600000,151.433740,2700.726740,0.061270,2640.163320,0.060900,SALT,-0.374650,-0.515890,-0.374650,0.295260,0.295260,-1.360880,0.800290,0.782540,477.340000,2141.615510
2024-06-02 04:53:15,154.203660,101.340000,6978.600000,15.328220,-1019.072980,0.044070,-1019.072980,0.044070,51,6.022160,-0.323140,6.441250,0.995590,0.995490,-0.323140,0.972010,0.972010,499.130000,2134.121950
2024-06-02 05:38:39,154.235190,101.510000,6978.600000,15.147220,174972.890810,0.005230,152519.629080,0.002970,29,4.091650,0.645310,18.675000,0.792440,0.638640,0.629990,0.729280,0.736140,494.480000,2137.528700
2024-06-02 05:41:39,154.237270,101.360000,6978.600000,15.131330,9176827.494230,0.077290,9176827.494230,0.077290,30,5.863440,-0.183430,15.300110,0.994790,0.971410,-0.926740,0.925500,0.833990,500.950000,2150.630100
2024-06-02 05:44:26,154.239200,101.360000,6978.600000,15.300330,1427792.247100,0.048980,1427792.247100,0.048980,31,2.798700,-0.261710,3.861580,0.993420,0.990160,-0.261710,0.978650,0.978650,486.850000,2153.391100
2024-06-02 05:47:27,154.241300,101.370000,6978.600000,-62.021110,365510.228520,0.009150,365510.228520,0.009150,32,138.411730,-6.629980,200.957540,0.988840,0.983550,-6.629980,0.981030,0.981030,493.070000,2155.205170
2024-06-02 05:50:14,154.243230,101.360000,6978.600000,150.995820,-1246558.055140,0.006170,-1246558.055140,0.006170,SALT,-0.001310,0.523220,0.293830,0.003920,0.000010,0.608900,0.825770,0.809090,473.520000,2152.472650
2024-06-02 05:53:14,154.245310,101.360000,6978.600000,15.155110,47209229.686420,0.034140,47209229.686420,0.034140,51,6.539620,-0.308950,6.539620,0.994790,0.994790,-0.308950,0.972490,0.972490,491.980000,2150.456510
2024-06-02 06:38:39,154.276850,101.510000,6978.600000,15.554560,856996.398510,0.001720,30121.330830,0.000080,29,5.647180,-0.619830,5.647180,0.967160,0.967160,-0.619830,0.989390,0.989390,522.120000,2185.454290
2024-06-02 06:41:38,154.278920,101.370000,6978.600000,15.615560,-335997.127600,0.000660,-335997.127600,0.000660,30,5.925240,-0.300320,12.464150,0.996940,0.984240,-0.300320,0.958530,0.958530,528.160000,2170.063290
2024-06-02 06:44:25,154.280860,101.370000,6978.600000,15.851430,1168021.280100,0.004520,416500.110620,0.000640,31,2.708290,-0.160250,3.628400,0.994930,0.992720,-0.154080,0.889880,0.906680,523.470000,2172.877770
2024-06-02 06:47:25,154.282940,101.380000,6978.600000,-62.191780,688416.110230,0.007320,688416.110230,0.007320,32,133.702750,-6.735680,159.500100,0.989940,0.988530,-6.735680,0.987650,0.987650,541.950000,2173.880100
2024-06-02 06:50:12,154.284870,101.380000,6978.600000,152.209560,454500.147650,0.062720,454500.147650,0.062720,SALT,-2.173880,-1.574690,-2.217570,0.728260,0.725730,-1.587630,0.929240,0.928180,530.980000,2187.483840
2024-06-02 06:53:14,154.286970,101.380000,6978.600000,15.916440,33068.874520,0.000210,33068.874520,0.000210,51,6.598380,-0.556830,6.598380,0.992790,0.992790,-0.556830,0.992010,0.992010,542.130000,2180.180340
2024-06-02 07:38:39,154.318520,101.540000,6978.600000,17.074560,169634.403530,0.000170,169634.403530,0.000170,29,2.091420,0.111710,1.592930,0.000510,0.870390,0.128060,0.790370,0.794280,533.870000,2152.850930
2024-06-02 07:41:39,154.320600,101.390000,6978.600000,17.247780,2231931.741340,0.024840,2231931.741340,0.024840,30,5.262160,-0.215570,10.429640,0.996530,0.987500,-0.215570,0.929280,0.929280,545.160000,2155.145350
2024-06-02 07:44:25,154.322520,101.390000,6978.600000,17.509670,20455069.487580,0.028750,23927813.540620,0.029400,31,2.531530,-0.178940,2.531530,0.993920,0.993920,-0.178940,0.916570,0.916570,508.660000,2150.689230
2024-06-02 07:47:25,154.324610,101.390000,6978.600000,-62.082000,230112.866430,0.001060,230112.866430,0.001060,32,116.776430,-6.001190,122.078820,0.989930,0.989880,-6.001190,0.991100,0.991100,535.150000,2148.906110
2024-06-02 07:50:11,154.326530,101.400000,6978.600000,152.346480,102858.848910,0.000580,102858.848910,0.000580,SALT,-0.677170,-0.227390,-0.678910,0.084280,0.084960,-1.103140,0.258460,0.305480,516.950000,2154.236920
2024-06-02 07:53:12,154.328620,101.390000,6978.600000,17.507220,12998.477500,0.003540,12998.477500,0.003540,51,6.442620,0.068720,6.442620,0.993730,0.993730,0.071090,0.290840,0.289150,544.980000,2153.499840
2024-06-02 08:38:39,154.360190,101.540000,6978.600000,18.576780,14910113.886050,0.041170,1733952.131750,0.008720,29,1.119410,0.948900,1.214700,0.949420,0.951410,1.359200,0.884240,0.865740,479.110000,2137.290380
2024-06-02 08:41:39,154.362270,101.390000,6978.600000,18.718890,-781.292980,0.026010,-781.292980,0.026010,30,5.569020,-0.516450,11.783560,0.994280,0.978680,-0.516450,0.981830,0.981830,484.070000,2141.551740
2024-06-02 08:44:27,154.364200,101.390000,6978.600000,18.987910,460665.097000,0.007600,454277.366260,0.007610,31,2.349330,0.206040,3.796240,0.996150,0.990690,0.206040,0.902520,0.902520,469.120000,2126.424120
2024-06-02 08:47:27,154.366300,101.390000,6978.600000,-62.058000,-20044597.117290,0.025170,-19715545.336060,0.023760,32,125.459270,-6.280660,147.879090,0.993730,0.992430,-10.099080,0.993020,0.990570,470.500000,2137.956090
2024-06-02 08:50:15,154.368230,101.390000,6978.600000,152.789890,-135221.373700,0.000180,-80843.422330,0.000100,SALT,-0.189150,-0.931920,-1.659390,0.004830,0.034180,-0.931920,0.944870,0.944870,468.610000,2137.510270
2024-06-02 08:53:14,154.370310,101.390000,6978.600000,19.007560,-2861.302910,0.000000,-2861.302910,0.000000,51,7.085930,-0.407250,7.145710,0.996530,0.996520,-0.407250,0.981630,0.981630,483.690000,2124.445430
2024-06-02 09:38:39,154.401850,101.520000,6978.600000,19.604220,-1771.799360,0.043260,-1771.799360,0.043260,29,0.736850,0.413880,0.744880,0.723540,0.726690,1.354860,0.972670,0.865140,467.960000,2132.019650
2024-06-02 09:41:40,154.403950,101.380000,6978.600000,19.667330,64764.781680,0.041280,13190.636810,0.014970,30,5.245920,0.021610,11.459300,0.996080,0.981170,0.021610,0.088980,0.088980,465.890000,2127.615720
2024-06-02 09:44:27,154.405880,101.370000,6978.600000,19.849780,-81617714.867160,0.049150,-7697914.942810,0.001070,31,2.549910,-0.234240,2.266280,0.702720,0.994630,-0.234240,0.919050,0.919050,470.070000,2155.129810
2024-06-02 09:47:29,154.407970,101.370000,6978.600000,-61.106670,1474641.108250,0.009120,10758.967180,0.000110,32,116.747870,-5.862210,134.642750,0.992550,0.991690,-5.862210,0.991000,0.991000,464.900000,2136.831740
2024-06-02 09:50:14,154.409900,101.370000,6978.600000,153.603850,-232.443840,0.053750,-232.443840,0.053750,SALT,-0.535510,-0.759040,-0.381460,0.039180,0.042660,-3.413480,0.703300,0.571020,443.430000,2135.404890
2024-06-02 09:53:17,154.412010,101.350000,6978.600000,20.448670,1111600.975720,0.007220,1215067.906260,0.006150,51,7.048920,-0.323800,7.048920,0.994790,0.994790,-0.323800,0.972660,0.972660,476.290000,2124.911920
2024-06-02 10:38:39,154.443520,101.470000,6978.600000,21.703330,-22314.967280,0.006670,-508500.715210,0.012940,29,0.647580,-0.632500,0.647580,0.821060,0.821060,-0.632500,0.961750,0.961750,448.630000,2153.870350
2024-06-02 10:41:38,154.445590,101.320000,6978.600000,21.643890,240033.991040,0.012260,228312.805510,0.012200,30,4.934420,-0.421220,9.897210,0.995490,0.982800,-0.421220,0.964330,0.964330,449.880000,2154.137410
2024-06-02 10:44:25,154.447520,101.310000,6978.600000,22.029890,-11369222.545240,0.027310,-11557785.551460,0.026300,31,-1.013240,1.897600,-1.013240,0.479230,0.479230,1.900450,0.868890,0.870290,448.330000,2128.058820
2024-06-02 10:47:26,154.449620,101.320000,6978.600000,-61.569440,134774.707840,0.003470,134774.707840,0.003470,32,121.074680,-6.416190,146.132970,0.994180,0.992570,-6.416190,0.991200,0.991200,448.040000,2139.737190
2024-06-02 10:50:13,154.451550,101.320000,6978.600000,155.913520,-6688078.796760,0.024340,-9550146.954840,0.013340,SALT,-0.240590,0.836880,-0.240590,0.063000,0.063000,0.855380,0.678680,0.674460,432.370000,2129.012720
2024-06-02 10:53:15,154.453660,101.320000,6978.600000,21.990890,279481.573320,0.000640,279481.573320,0.000640,51,6.894270,-0.357840,6.894270,0.993140,0.993140,-0.357840,0.969230,0.969230,460.270000,2129.254490
2024-06-02 11:38:40,154.485190,101.440000,6978.600000,22.522890,32827166.515380,0.062270,32827166.515380,0.062270,29,0.541320,0.267930,0.482470,0.427900,0.711370,0.267930,0.440760,0.440760,437.620000,2117.371220
2024-06-02 11:41:39,154.487270,101.280000,6978.600000,22.641220,16506.248700,0.001330,16506.248700,0.001330,30,4.572590,-0.315650,8.584240,0.996670,0.986380,-0.315650,0.970150,0.970150,443.520000,2121.107420
2024-06-02 11:44:27,154.489200,101.270000,6978.600000,22.990660,-2728.461400,0.016110,-240.490160,0.001490,31,-2.367780,-0.085810,-2.367780,0.883430,0.883430,-2.836120,0.742900,0.336030,435.720000,2115.886190
2024-06-02 11:47:26,154.491280,101.270000,6978.600000,-61.451560,145967.240540,0.002000,145967.240540,0.002000,32,122.997540,-6.409720,137.073300,0.996140,0.995690,-6.409720,0.994680,0.994680,446.090000,2127.388210
2024-06-02 11:50:13,154.493220,101.280000,6978.600000,156.573520,2689267.612230,0.022500,2689267.612230,0.022500,SALT,-0.199910,-0.415910,-0.199910,0.029330,0.029330,-2.813680,0.847700,0.698220,429.870000,2117.755630
2024-06-02 11:53:13,154.495300,101.280000,6978.600000,23.051440,6733250.809990,0.000850,16926024.316320,0.001900,51,7.300490,-0.380970,8.188090,0.988610,0.991840,-0.380970,0.975840,0.975840,437.230000,2112.009970
2024-06-02 12:38:38,154.526840,101.360000,6978.600000,25.191890,-1280496.914910,0.015960,-918436.764970,0.014040,29,0.854110,0.281030,0.861220,0.802490,0.804580,0.291650,0.604380,0.599640,426.940000,2086.420030
2024-06-02 12:41:37,154.528910,101.200000,6978.600000,25.503110,124971.336330,0.000080,124971.336330,0.000080,30,3.545750,-0.127070,3.732700,0.995690,0.995630,-0.329000,0.855220,0.822340,423.420000,2086.393030
2024-06-02 12:44:24,154.530840,101.190000,6978.600000,25.624290,-1783272.696210,0.002680,-17773957.784700,0.012130,31,-1.307740,-1.553460,-1.307740,0.786530,0.786530,-1.577880,0.806680,0.806480,426.970000,2091.040930
2024-06-02 12:47:24,154.532930,101.200000,6978.600000,-60.902670,-183258.326470,0.000730,-183258.326470,0.000730,32,126.912670,-6.244030,143.899600,0.996920,0.996100,-6.244030,0.995450,0.995450,410.530000,2076.127350
2024-06-02 12:50:12,154.534870,101.190000,6978.600000,158.217140,-5179180.998110,0.023450,-5179180.998110,0.023450,SALT,0.682040,0.867760,0.704500,0.558350,0.554280,0.867760,0.882180,0.882180,411.650000,2071.418660
2024-06-02 12:53:12,154.536960,101.190000,6978.600000,25.601330,-678.116890,0.002950,-678.116890,0.002950,51,6.978330,-0.391080,6.978330,0.991270,0.991270,-0.391080,0.976550,0.976550,428.220000,2079.088710
2024-06-02 13:38:39,154.568510,101.300000,6978.600000,26.357440,961043.463430,0.010060,961043.463430,0.010060,29,3.206440,-0.313150,3.206440,0.946880,0.946880,-0.313150,0.951720,0.951720,431.820000,2088.012200
2024-06-02 13:41:37,154.570580,101.140000,6978.600000,26.286670,6817.677970,0.037560,6817.677970,0.037560,30,4.101570,-0.536170,5.147410,0.996830,0.995400,-0.536170,0.981620,0.981620,430.210000,2104.143910
2024-06-02 13:44:25,154.572520,101.130000,6978.600000,25.663190,8597.717990,0.193720,8597.717990,0.193720,31,0.281970,0.220390,0.281970,0.132750,0.132750,0.220390,0.120400,0.120400,424.680000,2097.340470
2024-06-02 13:47:29,154.574640,101.140000,6978.600000,-60.847780,1889.431850,0.037020,2535.944270,0.056560,32,131.121450,-6.287920,167.903730,0.996910,0.994450,-6.287920,0.993420,0.993420,413.160000,2087.418200
2024-06-02 13:50:16,154.576570,101.130000,6978.600000,159.258570,-22401070.976740,0.018070,-22646760.494240,0.018110,SALT,-0.653830,0.140920,-0.653830,0.495580,0.495580,0.141560,0.418760,0.422090,416.110000,2087.989240
2024-06-02 13:53:16,154.578660,101.130000,6978.600000,25.524220,6046.075310,0.000360,14145.944670,0.000640,51,5.496620,-0.304010,5.687810,0.990110,0.990080,-0.304010,0.963500,0.963500,442.630000,2085.921620
2024-06-02 14:38:40,154.610190,101.240000,6978.600000,24.535330,-13230170.766510,0.029380,-13230170.766510,0.029380,29,1.422970,0.140980,1.422970,0.715770,0.715770,0.046270,0.047250,0.200560,463.420000,2095.531410
2024-06-02 14:41:39,154.612260,101.070000,6978.600000,24.327780,-69593923.718630,0.013820,-59690325.077030,0.012790,30,4.096510,0.049920,8.096580,0.991710,0.980830,0.049920,0.242330,0.242330,450.330000,2098.376440
2024-06-02 14:44:25,154.614180,101.060000,6978.600000,24.299450,6208.031050,0.000970,7358.781290,0.000400,31,0.506860,2.474170,0.506860,0.412990,0.412990,2.707240,0.861610,0.866350,447.290000,2092.000990
2024-06-02 14:47:26,154.616270,101.070000,6978.600000,-61.112890,-60.933810,0.001220,-60.933810,0.001220,32,131.742070,-6.409240,155.195590,0.996230,0.995030,-6.409240,0.995100,0.995100,438.900000,2097.378440
2024-06-02 14:50:14,154.618220,101.070000,6978.600000,159.365930,-1056580.803000,0.024100,-1056580.803000,0.024100,SALT,2.281720,0.877490,2.397950,0.679750,0.683980,0.888910,0.566880,0.568990,429.800000,2091.950890
2024-06-02 14:53:15,154.620310,101.060000,6978.600000,24.135890,-5452944.295510,0.038820,-5452944.295510,0.038820,51,7.254510,-0.569500,7.254510,0.991190,0.991190,-0.569500,0.993960,0.993960,457.680000,2099.090820
2024-06-02 15:38:38,154.651830,101.170000,6978.600000,24.621560,537.918130,0.021330,524.264920,0.021140,29,0.789890,-0.409380,0.828350,0.901370,0.906180,-0.406320,0.542490,0.545600,447.490000,2104.444210
2024-06-02 15:41:37,154.653900,101.020000,6978.600000,24.564670,438.474130,0.000070,438.474130,0.000070,30,4.540140,0.395410,7.501240,0.993580,0.987190,0.395410,0.968520,0.968520,440.380000,2081.578990
2024-06-02 15:44:23,154.655820,101.010000,6978.600000,24.811650,-793842.471330,0.005980,-793842.471330,0.005980,31,1.004390,0.174800,1.004390,0.393250,0.393250,0.174800,0.255480,0.255480,429.630000,2092.406590
2024-06-02 15:47:24,154.657920,101.000000,6978.600000,-61.098220,-975413.499650,0.000520,-975413.499650,0.000520,32,131.501350,-6.101740,147.716390,0.996740,0.996260,-6.101740,0.995370,0.995370,427.220000,2074.005910
2024-06-02 15:50:11,154.659850,101.000000,6978.600000,160.956590,33667333.865090,0.005890,33667333.865090,0.005890,SALT,0.374860,0.643820,2.745050,0.481440,0.382330,1.173130,0.782130,0.739140,414.320000,2071.675640
2024-06-02 15:53:11,154.661930,101.000000,6978.600000,24.748780,189928.984390,0.148000,190119.283880,0.148040,51,7.885690,-0.525200,7.885690,0.994770,0.994770,-0.525200,0.987900,0.987900,443.090000,2082.690590
2024-06-02 16:38:39,154.693510,101.130000,6978.600000,24.152780,-15163737.871380,0.129930,-15163737.871380,0.129930,29,1.469430,-0.445350,1.469430,0.918540,0.918540,-0.950430,0.346820,0.650100,448.370000,2087.103560
2024-06-02 16:41:37,154.695570,100.980000,6978.600000,24.269780,-24215840.919680,0.042950,-24215840.919680,0.042950,30,4.335120,0.221230,6.293000,0.996830,0.993330,0.980840,0.926690,0.821950,430.920000,2080.396100
2024-06-02 16:44:23,154.697490,100.980000,6978.600000,24.442640,1658457.650940,0.016090,1658457.650940,0.016090,31,-0.752880,-0.191310,-0.752880,0.413070,0.413070,-0.191310,0.206050,0.206050,435.120000,2083.384570
2024-06-02 16:47:23,154.699570,100.980000,6978.600000,-61.120560,4803842.972100,0.057980,4804903.357040,0.056630,32,140.749300,-6.996780,185.662740,0.996460,0.993440,-6.996780,0.992480,0.992480,454.610000,2083.064320
2024-06-02 16:50:09,154.701490,100.980000,6978.600000,160.265160,16405457.608670,0.017480,15718874.808170,0.015820,SALT,-1.567280,-0.074020,-1.399610,0.365390,0.475450,13.828910,0.274360,0.001070,439.150000,2072.504360
2024-06-02 16:53:10,154.703590,100.980000,6978.600000,24.072000,-11132979.440450,0.009580,-11132979.440450,0.009580,51,7.328100,-0.402600,7.716060,0.995600,0.995520,-0.402600,0.987370,0.987370,450.850000,2079.356270
2024-06-02 17:38:38,154.735160,101.130000,6978.600000,23.929560,75719.691540,0.000070,3672497.074440,0.001310,29,0.788860,0.358450,0.762170,0.701060,0.743490,1.588510,0.911780,0.831440,440.360000,2074.187140
2024-06-02 17:41:36,154.737220,100.980000,6978.600000,23.927440,178712.492940,0.023300,178712.492940,0.023300,30,4.601140,-0.001350,7.454860,0.996840,0.991730,1.754130,0.338710,0.000110,455.400000,2075.273980
2024-06-02 17:44:24,154.739170,100.970000,6978.600000,24.180990,1529369.269080,0.002790,1529369.269080,0.002790,31,-1.056160,-3.165410,-1.075270,0.342480,0.338590,-3.240380,0.545640,0.541680,452.500000,2087.580270
2024-06-02 17:47:25,154.741260,100.980000,6978.600000,-61.207330,-5353.830100,0.010030,-14.671660,0.000020,32,137.696990,-6.115090,164.236120,0.995260,0.994100,-6.115090,0.993330,0.993330,449.470000,2067.884330
2024-06-02 17:50:12,154.743190,100.980000,6978.600000,159.696260,11805.331400,0.009380,11805.331400,0.009380,SALT,-0.394660,0.877180,11.976680,0.095400,0.030440,0.799070,0.429220,0.469060,431.820000,2058.989610
2024-06-02 17:53:12,154.745280,100.980000,6978.600000,23.865890,-12862592.098400,0.000300,-12862592.098400,0.000300,51,6.794320,-0.100420,8.368220,0.989870,0.988300,-0.918970,0.616870,0.488050,473.250000,2066.831850
2024-06-02 18:38:38,154.776830,101.110000,6978.600000,23.508670,-2282941.617420,0.001340,-2282941.617420,0.001340,29,0.192630,0.904320,0.192630,0.072900,0.072900,0.903060,0.871810,0.873590,475.630000,2075.110500
2024-06-02 18:41:37,154.778900,100.960000,6978.600000,23.479670,-7270.813640,0.001060,-7270.813640,0.001060,30,3.957140,-0.290890,8.128840,0.993850,0.980890,-1.040700,0.962420,0.954370,474.180000,2094.341910
2024-06-02 18:44:24,154.780830,100.960000,6978.600000,23.837690,-260557.824060,0.031310,-260557.824060,0.031310,31,0.646790,-1.336550,0.646790,0.051820,0.051820,-1.336550,0.345790,0.345790,458.760000,2084.997640
2024-06-02 18:47:27,154.782950,100.960000,6978.600000,-61.298440,-23333263.883030,0.004130,-23333263.883030,0.004130,32,143.785530,-7.022600,166.374710,0.995590,0.994760,-7.022600,0.993920,0.993920,479.350000,2089.457290
2024-06-02 18:50:14,154.784880,100.960000,6978.600000,159.175270,161927.698720,0.004360,15403.071370,0.000470,SALT,-0.148520,0.491780,-33.147730,0.239130,0.027150,0.491780,0.465800,0.465800,458.530000,2084.935700
2024-06-02 18:53:13,154.786960,100.960000,6978.600000,23.394670,328627.315350,0.005480,328627.315350,0.005480,51,7.046160,-0.343390,7.824610,0.996640,0.996330,-0.343390,0.978090,0.978090,485.660000,2063.381690
2024-06-02 19:38:39,154.818510,101.150000,6978.600000,23.154560,2457184.027650,0.003000,1636682.800820,0.001060,29,2.132920,-0.219240,2.132920,0.957800,0.957800,-0.219240,0.888570,0.888570,448.200000,2060.403190
2024-06-02 19:41:38,154.820580,101.000000,6978.600000,22.992780,-755193.580440,0.034900,-755193.580440,0.034900,30,4.451420,-0.316870,11.968290,0.996280,0.968300,-0.758550,0.958590,0.923260,474.090000,2087.534570
2024-06-02 19:44:25,154.822510,101.000000,6978.600000,23.136810,4435147.057880,0.027560,3853870.555300,0.021320,31,2.890160,-0.096820,3.560660,0.996570,0.994660,-2.957500,0.875580,0.546570,456.490000,2083.602130
2024-06-02 19:47:25,154.824590,101.000000,6978.600000,-60.790890,212.161310,0.006690,212.161310,0.006690,32,128.902590,-6.027170,151.095620,0.996900,0.995930,-6.027170,0.995480,0.995480,459.230000,2068.030810
2024-06-02 19:50:13,154.826540,101.000000,6978.600000,158.475380,-123617.754410,0.024890,-123617.754410,0.024890,SALT,-0.530640,1.440710,-0.713800,0.058290,0.098630,1.440710,0.247860,0.247860,446.020000,2075.854020
2024-06-02 19:53:13,154.828620,101.000000,6978.600000,22.787110,344272.704880,0.001900,344272.704880,0.001900,51,6.476520,-0.321330,7.220940,0.991880,0.991580,-0.321330,0.974290,0.974290,492.460000,2058.813470
2024-06-02 20:38:38,154.860160,101.160000,6978.600000,22.231440,-390628.524010,0.003450,-228186.753370,0.002850,29,0.364830,1.540540,10.332940,0.702540,0.496550,2.644320,0.980810,0.956330,520.140000,2094.217610
2024-06-02 20:41:37,154.862230,101.010000,6978.600000,22.109670,9313.328360,0.034540,9299.011520,0.034550,30,6.376360,-0.701250,16.766370,0.993440,0.968230,-0.701250,0.982400,0.982400,550.170000,2100.195250
2024-06-02 20:44:24,154.864170,101.010000,6978.600000,22.264950,1072.450740,0.018050,1072.450740,0.018050,31,1.931460,-0.074860,5.919520,0.990730,0.975140,-0.517880,0.763650,0.699930,500.240000,2066.397130
2024-06-02 20:47:25,154.866260,101.020000,6978.600000,-61.601780,-95259.313130,0.078040,-95259.313130,0.078040,32,130.686390,-6.005590,163.611230,0.993670,0.991410,-6.005590,0.985720,0.985720,489.260000,2075.649350
2024-06-02 20:50:11,154.868180,101.020000,6978.600000,159.040990,990.116030,0.003810,686.629860,0.003450,SALT,2.336080,-0.063630,2.336080,0.633540,0.633540,-0.083990,0.158160,0.191580,472.040000,2071.032430
2024-06-02 20:53:11,154.870270,101.020000,6978.600000,21.868000,1458.646110,0.023280,8301.196790,0.029300,51,6.675290,-0.324540,7.946550,0.989990,0.989160,-0.324540,0.950830,0.950830,579.600000,2063.474930
2024-06-02 21:38:38,154.901830,101.190000,6978.600000,21.445780,-2204.692000,0.001280,-2204.692000,0.001280,29,0.670000,-0.109540,2.183470,0.825590,0.713080,-0.109540,0.615450,0.615450,639.380000,2079.075670
2024-06-02 21:41:38,154.903910,101.040000,6978.600000,21.375330,8171740.636280,0.038400,10813624.672610,0.042230,30,5.755230,0.941370,15.490160,0.986160,0.963580,0.941370,0.914740,0.914740,649.920000,2085.519320
2024-06-02 21:44:25,154.905840,101.030000,6978.600000,21.552970,-2683.847850,0.010650,-2683.847850,0.010650,31,3.121670,0.030700,4.427010,0.996560,0.995080,-10.799790,0.121370,0.082300,564.310000,2141.871730
2024-06-02 21:47:26,154.907940,101.030000,6978.600000,-61.642560,-9378.376740,0.295280,-9136.869880,0.228540,32,134.416740,-6.844960,209.544910,0.988040,0.977000,-11.827620,0.991940,0.979950,570.280000,2094.205630
2024-06-02 21:50:12,154.909860,101.030000,6978.600000,158.301100,26901.922740,0.011830,26901.922740,0.011830,SALT,3.566500,-0.031190,5.135990,0.699670,0.696070,-0.031190,0.006810,0.006810,528.090000,2077.417810
2024-06-02 21:53:13,154.911960,101.030000,6978.600000,21.258220,-475446.082720,0.014770,-475446.082720,0.014770,51,8.233910,-0.246430,8.233910,0.992770,0.992770,-0.247800,0.903550,0.904210,681.450000,2075.989470
2024-06-02 22:38:38,154.943500,101.170000,6978.600000,21.039560,554.347760,0.000190,554.347760,0.000190,29,0.316050,0.023280,0.316050,0.126900,0.126900,0.544550,0.362770,0.091500,631.980000,2086.901980
2024-06-02 22:41:38,154.945580,101.000000,6978.600000,20.964780,-280.427410,0.000600,-280.427410,0.000600,30,6.056340,-0.245760,17.005460,0.996890,0.967920,-0.831540,0.957110,0.923520,651.650000,2089.662360
2024-06-02 22:44:24,154.947500,101.000000,6978.600000,21.173520,1763301.323580,0.012080,132457.463430,0.001530,31,2.459290,-0.137220,3.411220,0.991190,0.989830,-0.137220,0.915660,0.915660,620.320000,2088.503920
2024-06-02 22:47:25,154.949590,101.000000,6978.600000,-61.796000,3144.530560,0.014450,3144.530560,0.014450,32,143.210220,-6.822760,168.787710,0.983940,0.983060,-6.822760,0.985660,0.985660,630.990000,2087.952590
2024-06-02 22:50:13,154.951540,101.000000,6978.600000,157.762640,129463.494840,0.044570,124041.708310,0.040230,SALT,7.287860,1.657110,7.525500,0.847090,0.852140,1.750890,0.860910,0.865640,620.840000,2093.456600
2024-06-02 22:53:14,154.953630,101.000000,6978.600000,20.813560,-211345.658350,0.019980,-278408.399030,0.010670,51,8.013560,0.803560,8.713230,0.993490,0.993300,0.814770,0.896890,0.901100,763.350000,2132.389570
2024-06-02 23:38:39,154.985170,101.130000,6978.600000,20.685560,11898.300800,0.092740,18126.391940,0.097060,29,0.409630,0.093320,0.409630,0.188160,0.188160,0.548740,0.770680,0.624310,761.850000,2094.905300
2024-06-02 23:41:38,154.987250,100.970000,6978.600000,20.674890,-5985.466370,0.006060,-5985.466370,0.006060,30,5.011550,0.627840,12.721110,0.991130,0.973200,0.627840,0.932910,0.932910,715.750000,2101.469220
2024-06-02 23:44:25,154.989180,100.970000,6978.600000,20.916260,5191859.435510,0.009920,4422182.165340,0.009610,31,3.330210,-0.149820,4.681890,0.996920,0.995840,-0.198640,0.136170,0.896890,619.480000,2109.042920
2024-06-02 23:47:25,154.991260,100.980000,6978.600000,-61.710560,4536061.201390,0.005450,2094732.747990,0.000330,32,151.838060,-7.311470,188.917280,0.990220,0.988290,-7.311470,0.989460,0.989460,660.910000,2105.324490
2024-06-02 23:50:11,154.993180,100.960000,6978.600000,156.815050,-9197358.256380,0.138990,-9197358.256380,0.138990,SALT,2.412390,0.373700,4.744110,0.907420,0.895390,0.785130,0.071360,0.117160,587.830000,2107.981530
2024-06-02 23:53:12,154.995280,100.960000,6978.600000,20.619670,-22035.816870,0.003910,-22035.816870,0.003910,51,8.297870,-0.228840,8.312560,0.993290,0.993290,-0.642330,0.891340,0.879490,730.060000,2105.381050
2024-06-03 00:38:38,155.026830,101.100000,6978.600000,20.638670,115334.786200,0.002040,115334.786200,0.002040,29,-1.345330,-0.850960,-1.345330,0.846580,0.846580,-0.850960,0.988310,0.988310,766.370000,2114.959570
2024-06-03 00:41:38,155.028910,100.950000,6978.600000,20.595110,179951.634940,0.000060,179951.634940,0.000060,30,7.210140,-0.109500,11.522270,0.996920,0.992450,-1.364620,0.856280,0.651940,663.160000,2121.386290
2024-06-03 00:44:25,155.030840,100.950000,6978.600000,20.815160,5598.861900,0.001100,5598.861900,0.001100,31,3.087870,-0.137780,5.736010,0.997210,0.990050,-0.343570,0.926100,0.783850,665.950000,2126.254360
2024-06-03 00:47:25,155.032930,100.950000,6978.600000,-61.644440,4879258.393060,0.007230,4879258.393060,0.007230,32,135.175760,-6.673590,135.175760,0.981430,0.981430,-6.673590,0.984530,0.984530,738.570000,2100.588090
2024-06-03 00:50:12,155.034860,100.940000,6978.600000,156.406920,-77895617.701440,0.010770,-77895617.701440,0.010770,SALT,-3.741570,0.087630,-3.793130,0.659440,0.656780,0.087630,0.168640,0.168640,614.250000,2098.379650
2024-06-03 00:53:13,155.036960,100.950000,6978.600000,20.527000,-2134.312800,0.050060,-2139.344740,0.050030,51,9.229270,0.846080,10.146640,0.996420,0.996180,0.846080,0.883480,0.883480,835.070000,2133.460240
2024-06-03 01:38:38,155.068500,101.070000,6978.600000,20.601000,-9992.029790,0.001860,-10921.961510,0.001840,29,1.898520,1.313980,1.898520,0.808880,0.808880,1.313980,0.941930,0.941930,613.700000,2135.470160
2024-06-03 01:41:37,155.070570,100.920000,6978.600000,20.577560,6822628.885460,0.035910,6789740.547000,0.032510,30,6.261650,-0.485650,12.679190,0.994770,0.983710,-0.485650,0.948240,0.948240,656.000000,2113.924250
2024-06-03 01:44:24,155.072500,100.920000,6978.600000,20.765930,299760.461610,0.000010,299760.461610,0.000010,31,2.736150,-0.129110,2.951690,0.994000,0.993870,-0.129110,0.508190,0.508190,781.750000,2156.135680
2024-06-03 01:47:25,155.074590,100.920000,6978.600000,-61.670560,6582049.994220,0.011530,7750777.482060,0.011800,32,131.575980,-7.568790,147.780980,0.984670,0.984220,-7.568790,0.990160,0.990160,797.650000,2158.706960
2024-06-03 01:50:11,155.076520,100.920000,6978.600000,156.010440,1147.679630,0.056220,1147.679630,0.056220,SALT,-1.344250,1.747380,-1.344250,0.092020,0.092020,2.605770,0.850750,0.846850,736.200000,2139.708460
2024-06-03 01:53:13,155.078620,100.920000,6978.600000,20.434330,171575.273500,0.037080,171575.273500,0.037080,51,7.666940,1.628980,9.131130,0.992250,0.991280,1.628980,0.954540,0.954540,792.600000,2181.652810
2024-06-03 02:38:38,155.110160,101.050000,6978.600000,20.288330,-38729538.834990,0.001310,-38729538.834990,0.001310,29,-4.644900,-5.255680,-9.523380,0.964090,0.918700,-5.255680,0.979870,0.979870,783.730000,2272.490470
2024-06-03 02:41:38,155.112250,100.910000,6978.600000,20.258110,-472.864010,0.007080,-1154.164000,0.003010,30,6.588290,0.035600,16.834550,0.997300,0.973130,0.035600,0.138830,0.138830,736.590000,2213.569890
2024-06-03 02:44:25,155.114180,100.890000,6978.600000,20.431430,-2331153.283100,0.100840,-2331153.283100,0.100840,31,3.745670,-0.660200,5.458370,0.996430,0.994450,-0.656590,0.822940,0.904530,639.460000,2200.447680
2024-06-03 02:47:25,155.116260,100.910000,6978.600000,-61.784780,89783.418290,0.018350,99993.441350,0.016890,32,134.619890,-6.301960,162.885690,0.983070,0.981470,-6.301960,0.983190,0.983190,695.620000,2122.654320
2024-06-03 02:50:12,155.118190,100.890000,6978.600000,155.756700,2501022.452730,0.014380,2501022.452730,0.014380,SALT,-1.583250,2.314050,-1.583250,0.502330,0.502330,2.314050,0.872710,0.872710,597.520000,2118.557720
2024-06-03 02:53:14,155.120300,100.890000,6978.600000,20.218890,314492.932370,0.000210,314492.932370,0.000210,51,7.236720,-0.418820,8.247260,0.987370,0.986950,-0.418820,0.987780,0.987780,662.520000,2107.708470
2024-06-03 03:38:38,155.151830,101.020000,6978.600000,20.101890,-50496051.989600,0.024390,-47267906.871080,0.024990,29,3.388390,-0.202440,4.442680,0.978660,0.966950,-0.205870,0.888270,0.886410,678.930000,2110.219460
2024-06-03 03:41:37,155.153900,100.870000,6978.600000,20.052110,-5286.561460,0.006120,-5286.561460,0.006120,30,5.310500,-0.144140,12.408040,0.990940,0.975830,-0.403180,0.886680,0.869640,723.830000,2108.548310
2024-06-03 03:44:23,155.155820,100.870000,6978.600000,20.255820,169.971300,0.000010,169.971300,0.000010,31,3.031640,-0.171660,4.229570,0.996810,0.994380,-0.171660,0.945800,0.945800,650.710000,2112.213250
2024-06-03 03:47:23,155.157910,100.870000,6978.600000,-61.876780,-7469.018120,0.013390,-542.474480,0.001300,32,129.374170,-6.416490,167.492090,0.980580,0.977850,-6.416490,0.981830,0.981830,702.940000,2115.058020
2024-06-03 03:50:09,155.159830,100.860000,6978.600000,156.651320,71790.253770,0.063000,71742.494580,0.062980,SALT,0.559650,0.731220,0.559650,0.044630,0.044630,0.714620,0.623150,0.630040,672.850000,2125.482640
2024-06-03 03:53:10,155.161920,100.860000,6978.600000,19.933890,78.046950,0.000010,78.046950,0.000010,51,8.069450,-0.066880,8.594760,0.993430,0.993320,-1.778560,0.431450,0.167940,725.130000,2195.527970
2024-06-03 04:38:39,155.193510,101.010000,6978.600000,19.858560,-313.778060,0.018810,-313.778060,0.018810,29,0.454390,-0.875050,0.797050,0.068110,0.472100,-0.876560,0.968780,0.969150,729.730000,2273.308080
2024-06-03 04:41:39,155.195590,100.870000,6978.600000,19.845560,-38120.634250,0.002140,-38120.634250,0.002140,30,5.667510,-0.351240,14.280020,0.994280,0.974860,-1.125650,0.957240,0.903720,681.110000,2207.061690
2024-06-03 04:44:27,155.197530,100.850000,6978.600000,20.077140,345134.015710,0.065610,345134.015710,0.065610,31,2.159310,-1.285750,6.336140,0.983350,0.967390,-1.285750,0.970990,0.970990,661.790000,2188.920500
2024-06-03 04:47:28,155.199630,100.860000,6978.600000,-61.821000,11515510.497780,0.003790,11515510.497780,0.003790,32,138.213540,-6.759690,204.587310,0.978350,0.971920,-6.759690,0.977040,0.977040,650.630000,2124.518300
2024-06-03 04:50:15,155.201560,100.860000,6978.600000,156.111100,-1934.026350,0.026190,-18958.049490,0.296160,SALT,-0.319480,-0.197340,-0.319480,0.012620,0.012620,-0.197340,0.620770,0.620770,632.740000,2118.539510
2024-06-03 04:53:15,155.203650,100.860000,6978.600000,19.839000,-337.632220,0.033700,-337.632220,0.033700,51,7.671100,-0.372790,7.671100,0.994060,0.994060,-0.372790,0.978000,0.978000,709.770000,2115.874590
2024-06-03 05:38:38,155.235160,101.050000,6978.600000,19.458780,1315236.852320,0.025890,541141.306840,0.009360,29,1.034790,-0.100850,1.034790,0.936850,0.936850,-0.100910,0.823980,0.825450,541.460000,2113.840380
2024-06-03 05:41:38,155.237250,100.910000,6978.600000,19.423110,-53742.706690,0.034550,-72516.400000,0.033560,30,5.164050,-0.137250,7.159790,0.992720,0.989890,-0.137250,0.886560,0.886560,558.380000,2114.044180
2024-06-03 05:44:25,155.239180,100.910000,6978.600000,19.671650,-607225.532360,0.003760,-607225.532360,0.003760,31,3.363650,-0.184880,4.044270,0.998020,0.997390,-0.184880,0.921000,0.921000,505.930000,2117.137680
2024-06-03 05:47:25,155.241260,100.920000,6978.600000,-61.869110,-14156.611470,0.000570,-14156.611470,0.000570,32,107.260770,-5.380370,129.142380,0.972400,0.971170,-5.380370,0.975020,0.975020,529.260000,2115.963160
2024-06-03 05:50:11,155.243180,100.920000,6978.600000,156.059890,93437531.802410,0.028050,97744274.684160,0.027930,SALT,-1.803810,0.119190,-1.803810,0.487330,0.487330,0.153820,0.426670,0.452670,511.860000,2115.585560
2024-06-03 05:53:12,155.245280,100.910000,6978.600000,19.397440,8018.017060,0.000770,8018.017060,0.000770,51,7.734290,-0.383580,8.821530,0.995830,0.995320,-0.383580,0.976780,0.976780,566.620000,2111.313670
2024-06-03 06:38:39,155.276840,101.070000,6978.600000,19.324000,1174088.984630,0.109860,1174088.984630,0.109860,29,0.787790,0.194940,2.564440,0.954250,0.904540,0.194940,0.960940,0.960940,584.070000,2115.194810
2024-06-03 06:41:40,155.278940,100.920000,6978.600000,19.335440,-274038.193670,0.011690,-274038.193670,0.011690,30,5.380840,0.676070,10.934770,0.994160,0.983410,0.686270,0.928270,0.932520,609.650000,2133.415860
2024-06-03 06:44:27,155.280870,100.930000,6978.600000,19.557580,-72521.465500,0.002110,-72521.465500,0.002110,31,2.731800,-0.334580,3.204450,0.993840,0.993370,-0.334580,0.801770,0.801770,587.090000,2213.457690
2024-06-03 06:47:27,155.282950,100.940000,6978.600000,-61.810890,-137923831.885260,0.025030,-107096608.659840,0.021350,32,110.792540,-5.890180,160.388800,0.974800,0.969430,-5.890180,0.974380,0.974380,582.310000,2196.044220
2024-06-03 06:50:13,155.284870,100.940000,6978.600000,156.166480,7144.723350,0.038430,6053.826350,0.036720,SALT,3.587280,0.116410,3.582530,0.768980,0.772860,0.116410,0.026170,0.026170,527.330000,2179.270930
2024-06-03 06:53:14,155.286970,100.930000,6978.600000,19.450110,51420521.900230,0.018670,51747241.485030,0.018590,51,7.651350,-0.397540,7.651350,0.995740,0.995740,-0.397540,0.984290,0.984290,586.530000,2169.898520
2024-06-03 07:38:39,155.318510,101.080000,6978.600000,20.124110,-79299.119980,0.008960,-51532.456140,0.007710,29,0.473900,-0.844900,0.761680,0.285420,0.345450,-0.000580,0.000040,0.777470,491.370000,2144.044890
2024-06-03 07:41:39,155.320590,100.930000,6978.600000,20.234890,-4115899.459670,0.041870,-4020781.135390,0.041200,30,5.997920,-0.235380,8.993870,0.995870,0.991880,-0.235380,0.936930,0.936930,503.970000,2125.250630
2024-06-03 07:44:25,155.322510,100.920000,6978.600000,20.512200,-1348.630060,0.040450,-1351.477650,0.040440,31,2.702050,-0.175290,3.199190,0.989930,0.989260,-0.606990,0.938260,0.892460,500.540000,2127.924370
2024-06-03 07:47:26,155.324610,100.930000,6978.600000,-61.654670,22306.308000,0.010080,22200.912970,0.010070,32,127.866720,-6.346290,167.841460,0.987230,0.983890,-6.346290,0.984780,0.984780,502.880000,2117.491500
2024-06-03 07:50:12,155.326530,100.930000,6978.600000,155.737470,535.759830,0.001200,535.759830,0.001200,SALT,1.184500,-0.906440,1.668500,0.316260,0.317510,-0.906440,0.732540,0.732540,488.820000,2125.113370
2024-06-03 07:53:13,155.328620,100.930000,6978.600000,20.640110,17584.322600,0.019820,17584.322600,0.019820,51,6.808160,-0.377690,8.235810,0.994010,0.992970,-0.377690,0.975140,0.975140,541.010000,2112.914710
2024-06-03 08:38:38,155.360160,101.120000,6978.600000,21.377670,5238.531460,0.018330,5238.531460,0.018330,29,0.981790,-0.132230,0.981790,0.681500,0.681500,-0.132230,0.903730,0.903730,479.620000,2101.092940
2024-06-03 08:41:38,155.362250,100.970000,6978.600000,21.471000,1307.781120,0.009900,1765.116920,0.009140,30,5.143880,-0.068560,8.341300,0.994950,0.988820,-0.386950,0.553280,0.545290,498.710000,2101.752110
2024-06-03 08:44:26,155.364190,100.960000,6978.600000,21.756480,-1931.212990,0.018460,-1931.212990,0.018460,31,3.031460,-0.106960,5.386070,0.995250,0.987920,-0.400340,0.828000,0.791400,450.140000,2102.766800
2024-06-03 08:47:26,155.366270,100.970000,6978.600000,-61.671110,512507.664410,0.002310,512507.664410,0.002310,32,135.744670,-6.584180,139.887480,0.978670,0.978650,-6.584180,0.982180,0.982180,462.190000,2106.322920
2024-06-03 08:50:13,155.368210,100.970000,6978.600000,156.234950,4.919680,0.000030,4.919680,0.000030,SALT,0.161370,0.108760,19.383580,0.288850,0.007940,4.380770,0.150560,0.027350,437.850000,2108.848600
2024-06-03 08:53:14,155.370300,100.970000,6978.600000,21.862890,820.180050,0.000660,820.180050,0.000660,51,7.024180,-0.342490,7.024180,0.994280,0.994280,-0.342490,0.964620,0.964620,473.070000,2106.520910
2024-06-03 09:38:38,155.401830,101.130000,6978.600000,22.771890,1958.900780,0.023080,2182.093730,0.021450,29,1.431200,-0.872650,1.431200,0.916490,0.916490,-0.872650,0.987190,0.987190,468.780000,2222.689920
2024-06-03 09:41:38,155.403910,100.960000,6978.600000,22.997000,-1419316.406000,0.036360,-1419316.406000,0.036360,30,5.048110,0.117930,11.599040,0.995820,0.979590,0.117930,0.470990,0.470990,467.900000,2221.216570
2024-06-03 09:44:25,155.405840,100.960000,6978.600000,23.120990,-5549824.399230,0.035170,-3408420.314210,0.017510,31,2.984040,0.362690,4.695660,0.995630,0.991050,0.362690,0.668000,0.668000,468.440000,2237.578190
2024-06-03 09:47:25,155.407930,100.980000,6978.600000,-61.349000,-2225407.690400,0.037210,-2314332.789970,0.035420,32,137.758820,-7.195410,204.949410,0.987960,0.978950,-17.442160,0.982050,0.978230,474.950000,2261.977820
2024-06-03 09:50:12,155.409860,100.960000,6978.600000,156.929230,44683636.109020,0.038490,44683636.109020,0.038490,SALT,-0.962110,-0.102630,-0.962110,0.539770,0.539770,-0.102630,0.617200,0.617200,463.150000,2269.379790
2024-06-03 09:53:13,155.411960,100.960000,6978.600000,23.365670,-1731142.360650,0.007570,-176032.898080,0.000800,51,8.020800,-0.469050,9.111820,0.994830,0.994170,-0.469050,0.984800,0.984800,478.210000,2264.033130
2024-06-03 10:38:39,155.443510,101.100000,6978.600000,23.247110,8363889.595400,0.017430,8363889.595400,0.017430,29,2.274730,-0.155380,2.274730,0.976870,0.976870,-0.155380,0.905410,0.905410,464.160000,2077.135250
2024-06-03 10:41:39,155.445590,100.950000,6978.600000,23.151440,46298252.244230,0.045540,46298252.244230,0.045540,30,5.905630,-0.005100,12.271760,0.994760,0.981260,-0.005100,0.007910,0.007910,502.010000,2079.660250
2024-06-03 10:44:27,155.447530,100.940000,6978.600000,23.381320,945053.759580,0.007730,629836.013390,0.006830,31,10.054130,0.476310,10.054130,0.987880,0.987880,0.493330,0.945510,0.947930,473.940000,2086.132340
2024-06-03 10:47:28,155.449630,100.950000,6978.600000,-61.349000,480689.846560,0.000900,480689.846560,0.000900,32,140.406880,-6.995490,196.062320,0.992710,0.985820,-6.995490,0.984880,0.984880,481.700000,2114.489390
2024-06-03 10:50:15,155.451560,100.950000,6978.600000,157.294950,-8795.227520,0.105080,-8552.774850,0.105020,SALT,0.398830,-0.394820,0.398830,0.274280,0.274280,-0.394820,0.903700,0.903700,469.910000,2100.711970
2024-06-03 10:53:16,155.453660,100.940000,6978.600000,23.209560,2346716.413340,0.012150,1724379.573460,0.002170,51,10.605230,-0.621380,10.605230,0.991180,0.991180,-0.621380,0.987870,0.987870,505.640000,2090.259890
2024-06-03 11:38:39,155.485170,101.060000,6978.600000,23.366890,13230.155050,0.069360,13230.155050,0.069360,29,2.095250,-0.060870,2.095250,0.882220,0.882220,-0.060870,0.513940,0.513940,498.200000,2077.364110
2024-06-03 11:41:38,155.487250,100.910000,6978.600000,23.461560,84377.380130,0.001270,84377.380130,0.001270,30,5.697930,-0.178370,11.644470,0.993510,0.982990,-0.391190,0.928910,0.918130,511.990000,2081.534000
2024-06-03 11:44:25,155.489180,100.890000,6978.600000,23.610220,4084.722900,0.005470,2928.488170,0.004950,31,1.067040,-0.062260,4.630520,0.581110,0.404590,-0.062260,0.133830,0.133830,512.450000,2079.833310
2024-06-03 11:47:27,155.491280,100.910000,6978.600000,-61.156890,239.394070,0.010760,220.573560,0.009460,32,135.255770,-6.041920,172.371480,0.991790,0.988900,-9.904560,0.990980,0.982380,517.530000,2082.595760
2024-06-03 11:50:14,155.493220,100.910000,6978.600000,157.802420,-651.560320,0.004640,-651.560320,0.004640,SALT,-1.386730,-0.091720,-1.427790,0.568020,0.563840,9.078770,0.165200,0.004170,479.720000,2106.185340
2024-06-03 11:53:16,155.495320,100.900000,6978.600000,23.736670,11289.069860,0.039920,35082.134390,0.007340,51,8.812050,-0.594310,9.235590,0.994620,0.994570,-0.594310,0.993930,0.993930,539.820000,2099.725190
2024-06-03 12:38:38,155.526830,101.030000,6978.600000,24.048110,-32459.993390,0.005990,-32459.993390,0.005990,29,0.101750,0.004360,0.101750,0.028930,0.028930,0.005030,0.005630,0.005750,490.200000,2100.950540
2024-06-03 12:41:36,155.528890,100.880000,6978.600000,24.242220,-1621.212980,0.103970,-317.074690,0.035270,30,6.562500,-0.202600,13.810770,0.997960,0.985550,-0.397320,0.945520,0.937410,468.910000,2101.254170
2024-06-03 12:44:23,155.530820,100.870000,6978.600000,24.449010,-3.768470,0.000010,-3.768470,0.000010,31,-4.130670,0.504060,-14.443590,0.631060,0.518640,1.684960,0.837320,0.710080,491.270000,2100.149500
2024-06-03 12:47:25,155.532930,100.890000,6978.600000,-69.809330,-5380.321320,0.033850,-5380.321320,0.033850,32,-9999.000000,-9999.000000,-9999.000000,-9999.000000,-9999.000000,-9999.000000,-9999.000000,-9999.000000,-9999.000000,-9999.000000
